Doctor_Name,Hospital_Name,City,Specialization,Experience_in_years,Consultation_Fee,Patient_Rating,Reviews,Source,Consultation_Fee_Outlier,Patient_Rating_Outlier,Reviews_Outlier,Experience_in_years_Outlier
Dr. Chandrashekhar Reddy,Sri Sai Dental Hospital,hyderabad,Dentist,27,400.0,95.0,58,Practo,0,0,0,0
Dr. M. S. Sushma Susik,Brite Smiles Dental Clinic,hyderabad,Dentist,35,300.0,97.0,777,Practo,0,0,1,0
Dr. Vikas Gowd,Dr.Gowds Dental Hospitals,hyderabad,Dentist,27,500.0,98.0,107,Practo,0,0,0,0
Dr. Pallavi G Pawar,Sri Sai Dental Hospital,hyderabad,Dentist,22,400.0,80.0,5,Practo,0,0,0,0
Dr. Syed Saood Hasan Razvi,Denta'Glo Dental Clinic & Implant Centre,hyderabad,Dentist,20,300.0,98.0,251,Practo,0,0,1,0
Dr. Kirti Arun Kodmankar,Dr. Gowd's Dental Hospital,hyderabad,Dentist,20,500.0,94.0,36,Practo,0,0,0,0
Dr. Neelima Ravipati,Cradle Of Youth Your Personal Dermatologist,hyderabad,Hair Transplant Surgeon,15,700.0,98.0,402,Practo,0,0,1,0
Dr. B Vishnu Chaitanya Goud,Ethos Dental,hyderabad,Dentist,16,500.0,99.0,332,Practo,0,0,1,0
Dr. Keerti D Pratap,Krutika Dental Clinic,hyderabad,Dentist,27,300.0,100.0,35,Practo,0,0,0,0
Dr. Sonali Rathore,FMS Dental Hospital,hyderabad,Dentist,15,500.0,100.0,1,Practo,0,0,0,0
Dr. Apeksha,FMS Dental,hyderabad,Dentist,16,500.0,100.0,1,Practo,0,0,0,0
Dr. Ashok,Maurya Dental Specialities,hyderabad,Dentist,19,300.0,97.0,225,Practo,0,0,1,0
Dr. A. R. Veejai Chandran.,FMS Dental,hyderabad,Dentist,15,500.0,96.0,24,Practo,0,0,0,0
Dr. B.Srikanth,Akshaya Dental Hospital And Implant Center,hyderabad,Dentist,16,300.0,98.0,58,Practo,0,0,0,0
Dr. Sanjay Sakhamuri,Sasha Luxe Dermatology and Cosmetic Surgery Centre,hyderabad,Cosmetologist,15,1000.0,100.0,34,Practo,0,0,0,0
Dr. Navya Chowdary,Sasha Luxe Dermatology and Cosmetic Surgery Centre,hyderabad,Dermatologist,16,1000.0,87.0,68,Practo,0,0,0,0
Dr. Rathnakaram Leelavathi,JJ Wellness Clinic,hyderabad,Dermatologist,27,800.0,25.0,12,Practo,0,1,0,0
Dr. Naresh Gaddala,FMS Dental Hospital,hyderabad,Dentist,16,500.0,96.0,24,Practo,0,0,0,0
Dr. M S Gowd,Dr. Gowd's Dental Hospital,hyderabad,Dentist,59,1000.0,97.0,34,Practo,0,0,0,1
Dr. Vuyyuru Manjula Priya Darshini,Sikara Clinics,hyderabad,Dermatologist,27,1000.0,96.0,24,Practo,0,0,0,0
Dr. Advaith Sai Alampur,SAI JYOTHI EYE HOSPITAL,hyderabad,Ophthalmologist,17,500.0,94.0,66,Practo,0,0,0,0
Dr. Deepika M,Sai Jyothi Eye Hospital,hyderabad,Ophthalmologist,19,500.0,100.0,2,Practo,0,0,0,0
Dr. K K Reddy Sadu,K K Reddy Hospital,hyderabad,General Physician,25,800.0,96.0,879,Practo,0,0,1,0
Dr. Anilkumar Namburi,Virinchi Hospitals,hyderabad,General Physician,26,600.0,100.0,1,Practo,0,0,0,0
Dr. Channamsetty Sashidhar,Sathya Kidney Center,hyderabad,Nephrologist,26,750.0,100.0,1,Practo,0,0,0,0
Dr. Shiva Ramakrishna Konda,Virinchi Hospitals,hyderabad,General Practitioner,18,600.0,100.0,1,Practo,0,0,0,0
Dr. Mithil B Ghushe,Medicover Hospitals - Hitech City,hyderabad,General Physician,23,600.0,89.0,70,Practo,0,0,0,0
Dr. Saritha K,Sree Manju Hospitals,hyderabad,Family Physician,18,600.0,90.0,20,Practo,0,0,0,0
Dr. Mitilesh Raut,Medicover Hospitals - Hitech City,hyderabad,General Physician,22,600.0,100.0,5,Practo,0,0,0,0
Dr. Vinay Kumar,Medicover Hospitals - Hitech City,hyderabad,General Physician,19,600.0,50.0,2,Practo,0,1,0,0
Dr. Syed Imran Ahmed,Premier Hospital,hyderabad,General Physician,25,500.0,80.0,5,Practo,0,0,0,0
Dr. Chetan B.Mahajan,The Deccan Hospital,hyderabad,General Physician,25,700.0,93.0,15,Practo,0,0,0,0
Dr. Srinivas Jakkinaboina,Shri Sigma Hospital,hyderabad,General Physician,28,500.0,87.0,30,Practo,0,0,0,0
Dr. Rahul Gandhi Godisela,Medicover Hospital,hyderabad,General Physician,22,1000.0,92.0,61,Practo,0,0,0,0
Dr. Naveen Kumar Pothireddy,Medicover Hospitals - Hitech City,hyderabad,General Physician,17,600.0,98.0,177,Practo,0,0,0,0
Dr. Syed Naveed,"Renova Hospital, Langar House",hyderabad,General Physician,21,700.0,90.0,10,Practo,0,0,0,0
Dr. Rama Priya Rengaswamy,Sathya Kidney Center,hyderabad,General Physician,21,750.0,50.0,2,Practo,0,1,0,0
Dr. Vallabhu Venu,Siddarth Neuro Centre,hyderabad,General Physician,32,600.0,96.0,24,Practo,0,0,0,0
Dr. Ajit Kumar Azad,Sree Manju Hospitals,hyderabad,General Physician,20,700.0,94.0,14,Practo,0,0,0,0
Dr. Dhanalakshmi Inala,K K Reddy Hospital,hyderabad,General Physician,24,800.0,90.0,10,Practo,0,0,0,0
Dr. V Ravi Kiran,Renova - NIGL Hospitals,hyderabad,General Physician,25,700.0,100.0,4,Practo,0,0,0,0
Dr. Donthula Narendar,Stork Hospitals,hyderabad,Pain Management Specialist,15,600.0,100.0,1,Practo,0,0,0,0
Dr. Karimunnisa Begum,Butterfly Hospitals,hyderabad,General Physician,22,600.0,50.0,4,Practo,0,1,0,0
Dr. K Vamsi Mohan,Pragma Hospitals,hyderabad,General Physician,16,600.0,77.0,13,Practo,0,0,0,0
Dr. T Vamshee,Medicover Woman & Child Hospitals - Hitech City,hyderabad,Pediatrician,19,800.0,96.0,24,Practo,0,0,0,0
Dr. Y Geeta Devi,Health Valley Hospital,hyderabad,Internal Medicine,28,800.0,83.0,46,Practo,0,0,0,0
Dr. Kishor Kumar,Medicover Hospital,hyderabad,General Physician,21,1000.0,96.0,24,Practo,0,0,0,0
Dr. Pradeep Kumar Mishra,Medicover Hospitals,hyderabad,General Physician,26,1000.0,93.0,12,Practo,0,0,0,0
Dr. Ravindra Kumar Sravanam,Amor Hospitals,hyderabad,General Physician,16,900.0,100.0,10,Practo,0,0,0,0
Dr. Fareesa Qasim,Kingston Hospitals,hyderabad,Anesthesiologist,42,600.0,67.0,4,Practo,0,1,0,0
Dr. Sandeep,SV Super Speciality Hospital,hyderabad,Anesthesiologist,15,500.0,96.0,24,Practo,0,0,0,0
Dr. Lunavath Kishanlal,SV Super Speciality Hospital,hyderabad,General Physician,15,700.0,96.0,24,Practo,0,0,0,0
Dr. Raghavendhar,Seasons Hospital,hyderabad,General Physician,21,600.0,96.0,24,Practo,0,0,0,0
Dr. Venugopal Arroju,Medicover Cancer Institute,hyderabad,General Physician,18,800.0,100.0,1,Practo,0,0,0,0
Dr. R.N.V. Vamsi Krishna,Medicover Hospitals,hyderabad,General Physician,17,800.0,80.0,10,Practo,0,0,0,0
Dr. Chandramohan,SV Super Speciality Hospital,hyderabad,General Physician,17,800.0,96.0,24,Practo,0,0,0,0
Dr. Shaziya Afreen,Premier Hospital,hyderabad,General Physician,16,500.0,100.0,4,Practo,0,0,0,0
Dr. G M Subramanyam,Medicover Hospitals,hyderabad,General Physician,38,1000.0,96.0,24,Practo,0,0,0,0
Dr. Ratan Jha,"CARE Hospitals Outpatient Centre, Banjara Hills",hyderabad,Nephrologist,43,1000.0,88.0,7,Practo,0,0,0,0
Dr. Vijay Prakash,Virinchi Hospitals,hyderabad,Ear-Nose-Throat (ENT) Specialist,20,600.0,92.0,51,Practo,0,0,0,0
Dr. Sushanth M. V.,Kasturi Hospital,hyderabad,Orthopedist,27,700.0,88.0,133,Practo,0,0,0,0
Dr. P Tanuja,Aster Prime Hospital,hyderabad,Reproductive Medicine and Infertility,17,800.0,98.0,53,Practo,0,0,0,0
Dr. Suryaprakash Hedda,Renova Neelima Hospitals (formerly Neelima Hospitals),hyderabad,Pediatrician,17,800.0,94.0,33,Practo,0,0,0,0
Dr. Krishna Prasad A R,Medicover Hospitals - Hitech City,hyderabad,Cardiothoracic Surgeon,32,800.0,82.0,11,Practo,0,0,0,0
Dr. Biju Govind,Sri Sri Holistic Hospitals,hyderabad,Cardiologist,32,400.0,80.0,4,Practo,0,0,0,0
Dr. Natesh Kolusu,Virinchi Hospitals,hyderabad,Orthopedist,17,600.0,88.0,7,Practo,0,0,0,0
Dr. Anand Subhash Wani,Ankura Hospital for Women & Children,hyderabad,Pediatrician,18,800.0,100.0,9,Practo,0,0,0,0
Dr. Ravi Kumar Reddy,Medivision Eye Care Centre,hyderabad,Ophthalmologist,48,500.0,92.0,48,Practo,0,0,0,1
Dr. Malathi Devi,Prathima Hospitals,hyderabad,Gynecologist/Obstetrician,43,800.0,76.0,29,Practo,0,1,0,0
Dr. Vandana Hegde,Hegde Fertility,hyderabad,Infertility Specialist,23,800.0,93.0,2125,Practo,0,0,1,0
Dr. A. Saibaba Goud,Saijyothi Eye Hospital,hyderabad,Ophthalmologist,56,400.0,87.0,63,Practo,0,0,0,1
Dr. M Krishna,Siddarth Neuro Centre,hyderabad,Pediatrician,42,500.0,89.0,9,Practo,0,0,0,0
Dr. Sree Durga Patchava,Virinchi Hospitals,hyderabad,Gynecologist/Obstetrician,30,900.0,50.0,2,Practo,0,1,0,0
Dr. Balachandra Reddy,Virinchi Hospitals,hyderabad,Plastic Surgeon,19,600.0,100.0,3,Practo,0,0,0,0
Dr. Siddartha Reddy,Siddarth Neuro Centre,hyderabad,Neurologist,18,1500.0,92.0,1439,Practo,0,0,1,0
Dr. M.Naveen Kumar,Dr. Deenadayals ENT Care Centre,hyderabad,Ear-Nose-Throat (ENT) Specialist,24,800.0,99.0,162,Practo,0,0,0,0
Dr. Bharath Reddy D,Medicover Hospitals - Hitech City,hyderabad,Cardiologist,16,800.0,94.0,16,Practo,0,0,0,0
Dr. Sanjeev Singh Yadav,EPIC International Hospitals Private Limited,hyderabad,General Surgeon,38,750.0,93.0,194,Practo,0,0,0,0
Dr. Y Krishna Mohan,Virinchi Hospitals,hyderabad,Bariatric Surgeon,31,1100.0,100.0,3,Practo,0,0,0,0
Dr. Revanth Reddy Gangasani,Virinchi Hospitals,hyderabad,Oncologist,19,600.0,96.0,24,Practo,0,0,0,0
Dr. Alok Rath,"CARE Hospitals Outpatient Centre, Banjara Hills",hyderabad,General Surgeon,26,650.0,100.0,1,Practo,0,0,0,0
Dr. Hari Narayan Prasad,Medivision Eye Care Centre,hyderabad,Ophthalmologist,26,500.0,96.0,24,Practo,0,0,0,0
Dr. Gopi Krishna Reddy G,Sri Sri Holistic Hospitals,hyderabad,Orthopedist,19,450.0,90.0,26,Practo,0,0,0,0
Dr. G Durga Rao,Oasis Fertility,hyderabad,Infertility Specialist,32,1000.0,99.0,265,Practo,0,0,1,0
Dr. Anurag Chitranshi,Aster Prime Hospital,hyderabad,Plastic Surgeon,27,500.0,100.0,6,Practo,0,0,0,0
Dr. MD. Khalil Khan,Ankura Hospital for Women & Children,hyderabad,Pediatrician,25,700.0,98.0,40,Practo,0,0,0,0
Dr. Pradeep Deshpande,Virinchi Hospitals,hyderabad,Nephrologist,47,600.0,75.0,4,Practo,0,1,0,1
Dr. Rajesh Kumar Enagala,EPIC International Hospitals Private Limited,hyderabad,Radiologist,28,750.0,100.0,22,Practo,0,0,0,0
Dr. Prashanth Chandra NY,"CARE Hospitals Outpatient Centre, Banjara Hills",hyderabad,Internal Medicine,18,850.0,86.0,57,Practo,0,0,0,0
Dr. Kishore B Reddy,Amor Hospitals,hyderabad,Orthopedist,24,1100.0,83.0,89,Practo,0,0,0,0
Dr. Katta Venkateswara Rao,Archana Hospitals,hyderabad,General Surgeon,23,500.0,100.0,3,Practo,0,0,0,0
Dr. P Siddharth Reddy,Archana Hospitals,hyderabad,Orthopedist,17,500.0,91.0,10,Practo,0,0,0,0
Dr. Kuchula Kanti Pramod Kumar,Medicover Hospitals,hyderabad,Cardiologist,36,1200.0,96.0,9,Practo,0,0,0,0
Dr. V Raja Manohar Acharyulu,Medicover Hospitals - Hitech City,hyderabad,Pulmonologist,16,600.0,83.0,18,Practo,0,0,0,0
Dr. Sridevi K,Amor Hospitals,hyderabad,Gynecologist/Obstetrician,29,900.0,94.0,192,Practo,0,0,0,0
Dr. Mahesh Marda,Premier Hospital,hyderabad,Internal Medicine,48,800.0,83.0,12,Practo,0,0,0,1
Dr. Sridevi Gutta,Prathima Hospitals,hyderabad,Gynecologist/Obstetrician,25,600.0,86.0,59,Practo,0,0,0,0
Dr. Rehan Sabir Momin,EPIC International Hospitals Private Limited,hyderabad,Gastroentrology Surgeon,16,750.0,98.0,53,Practo,0,0,0,0
Dr. B.V.N. Kumar Sureddi,Virinchi Hospitals,hyderabad,Gastroenterologist,24,600.0,95.0,20,Practo,0,0,0,0
Dr. A Suresh Chandra,Virinchi Hospitals,hyderabad,GastroIntestinal Surgeon,27,600.0,100.0,11,Practo,0,0,0,0
Dr. Balaji Patel,EPIC International Hospitals Private Limited,hyderabad,Radiologist,23,750.0,94.0,16,Practo,0,0,0,0
Dr. Jayashree Reddy,Ankura hospital for women and children,hyderabad,Infertility Specialist,47,1000.0,94.0,156,Practo,0,0,0,1
Dr. Greeshma P,Blume Health - Multispeciality Hospital,hyderabad,Ear-Nose-Throat (ENT) Specialist,22,1000.0,93.0,1030,Practo,0,0,1,0
Dr. Gunjan Shoor,Renova Neelima Hospitals (formerly Neelima Hospitals),hyderabad,Pediatric Surgeon,15,1000.0,98.0,47,Practo,0,0,0,0
Dr. V N B Raju,"CARE Hospitals Outpatient Centre, Banjara Hills",hyderabad,Pulmonologist,15,1000.0,100.0,24,Practo,0,0,0,0
Dr. Vindhya Gemaraju,Ankura Hospital For Women and Children,hyderabad,Gynecologist/Obstetrician,22,1000.0,95.0,43,Practo,0,0,0,0
Dr. G Geeta Devi,Ankura Hospital for Women & Children,hyderabad,Gynecologist/Obstetrician,15,700.0,100.0,3,Practo,0,0,0,0
Dr. Srinivas Jakka,Ankura Hospital for Women & Children,hyderabad,Pediatrician,21,800.0,92.0,24,Practo,0,0,0,0
Dr. P. Vamsi Krishna,Care Hospital,hyderabad,Laparoscopic Surgeon,22,1000.0,95.0,57,Practo,0,0,0,0
Dr. Niloufer Ali,Aster Prime Hospital,hyderabad,Neurologist,15,800.0,67.0,3,Practo,0,1,0,0
Dr. Satish Pawar,"CARE Hospitals Outpatient Centre, Banjara Hills",hyderabad,Oncologist,23,850.0,83.0,6,Practo,0,0,0,0
Dr. Venkata Vijay,Virinchi Hospitals,hyderabad,Cardiologist,39,1000.0,100.0,24,Practo,0,0,0,0
Dr. Akash Chaudhary,"CARE Hospitals Outpatient Centre, Banjara Hills",hyderabad,Gastroenterologist,26,1000.0,96.0,24,Practo,0,0,0,0
Dr. Parinaaz Parhar,Oasis Fertility,hyderabad,Infertility Specialist,18,800.0,100.0,67,Practo,0,0,0,0
Dr. Bharat Patodiya,Amor Hospitals,hyderabad,Oncologist,18,1100.0,100.0,24,Practo,0,0,0,0
Dr. Praveen Kumar Etta,Aster Prime Hospital,hyderabad,Nephrologist,20,700.0,95.0,130,Practo,0,0,0,0
Dr. P. Sandeep Reddy,Ankura Hospital For Women and Children,hyderabad,Pediatrician,17,700.0,96.0,264,Practo,0,0,1,0
Dr. H Guru Prasad,"CARE Hospitals Outpatient Centre, Banjara Hills",hyderabad,Internal Medicine,27,1000.0,80.0,5,Practo,0,0,0,0
Dr. Ather Pasha,"CARE Hospitals Outpatient Centre, Banjara Hills",hyderabad,Internal Medicine,25,850.0,100.0,1,Practo,0,0,0,0
Dr. Divya Teja Mugada,Sri Sri Holistic Hospitals,hyderabad,Pediatrician,15,500.0,100.0,1,Practo,0,0,0,0
Dr. Ravichander Rao A,"CARE Hospitals Outpatient Centre, Banjara Hills",hyderabad,Hair Transplant Surgeon,26,850.0,100.0,129,Practo,0,0,0,0
Dr. K Rupak Kumar Reddy,Medivision Eye Care Centre,hyderabad,Ophthalmologist,16,500.0,78.0,9,Practo,0,0,0,0
Dr. Raghav Sunil,Renova - NIGL Hospitals,hyderabad,Spine Surgeon,20,800.0,96.0,371,Practo,0,0,1,0
Dr. G Dhanalakshmi,Virinchi Hospitals,hyderabad,Nephrologist,22,800.0,75.0,4,Practo,0,1,0,0
Dr. Rajini Muthineni,"CARE Hospitals Outpatient Centre, Banjara Hills",hyderabad,Gynecologist/Obstetrician,23,1000.0,67.0,3,Practo,0,1,0,0
Dr. D Arun Kumar,Medicover Hospitals - Hitech City,hyderabad,Nephrologist,15,800.0,100.0,2,Practo,0,0,0,0
Dr. G V Praveen Kumar,Asian Vascular Hospital,hyderabad,Vascular Surgeon,24,1200.0,75.0,60,Practo,0,1,0,0
Dr. G Keertana Reddy,Green Med Hospital,hyderabad,Gynecologist/Obstetrician,17,650.0,97.0,260,Practo,0,0,1,0
Dr. Chaitanya Challa,"CARE Hospitals Outpatient Centre, Banjara Hills",hyderabad,Internal Medicine,15,1000.0,45.0,11,Practo,0,1,0,0
Dr. Meena Thotakura,Medivision Eye Care Centre,hyderabad,Ophthalmologist,16,500.0,96.0,24,Practo,0,0,0,0
Dr. Jameela Begum,Sree Manju Hospitals,hyderabad,Gynecologist/Obstetrician,43,500.0,92.0,11,Practo,0,0,0,0
Dr. Jagadesh Reddy C,Pristine Eye Hospitals,hyderabad,Ophthalmologist,23,750.0,89.0,17,Practo,0,0,0,0
Dr. Padmavathi Ravipati,ART Fertility Clinics,hyderabad,Infertility Specialist,15,800.0,99.0,97,Practo,0,0,0,0
Dr. G Kartheek,Aster Prime Hospital,hyderabad,Urologist,15,700.0,100.0,1,Practo,0,0,0,0
Dr. T Padma Sree,Medivision Eye Care Centre,hyderabad,Ophthalmologist,30,500.0,96.0,24,Practo,0,0,0,0
Dr. Durga Prasad K K,Ankura hospital for women and children,hyderabad,Pediatrician,23,1000.0,90.0,20,Practo,0,0,0,0
Dr. Prakash Ajmera,Malla Reddy Narayana Multispeciality Hospital,hyderabad,Cardiologist,21,600.0,79.0,18,Practo,0,0,0,0
Dr. Ashok Prudviraju Moganti,Medicover Hospitals - Hitech City,hyderabad,Ear-Nose-Throat (ENT) Specialist,17,600.0,94.0,109,Practo,0,0,0,0
Dr. A Raghu Kanth,Medicover Hospitals - Hitech City,hyderabad,Pulmonologist,18,600.0,93.0,14,Practo,0,0,0,0
Dr. Mohammed Muzahid,Amor Hospitals,hyderabad,Neurosurgeon,24,1100.0,100.0,1,Practo,0,0,0,0
Dr. A Vani Reddy,Medivision Eye Care Centre,hyderabad,Ophthalmologist,26,500.0,96.0,24,Practo,0,0,0,0
Dr. B. Radhika,Medicover Woman & Child Hospitals - Hitech City,hyderabad,Gynecologist/Obstetrician,22,800.0,77.0,31,Practo,0,0,0,0
Dr. Randhir Kumar,Care Hospital,hyderabad,Neurosurgeon,30,1000.0,86.0,7,Practo,0,0,0,0
Dr. Ravindra Amujuru,Amor Hospitals,hyderabad,Cardiologist,20,1100.0,87.0,15,Practo,0,0,0,0
Dr. Talacheru Srinivasulu,Aster Prime Hospital,hyderabad,Internal Medicine,22,700.0,50.0,2,Practo,0,1,0,0
Dr. Abhishek Katha,Lux Hospitals,hyderabad,General Surgeon,17,500.0,99.0,115,Practo,0,0,0,0
Dr. Poornima Battala,9M Fertiliy By Ankura Hospital,hyderabad,Infertility Specialist,17,800.0,99.0,509,Practo,0,0,1,0
Dr. Naveen Kumar Bashetty,Dr. Deenadayals ENT Care Centre,hyderabad,Ear-Nose-Throat (ENT) Specialist,24,800.0,76.0,6,Practo,0,1,0,0
Dr. Abhilash N,Dr. Abhilash's Laparoscopy & Laser Clinics,hyderabad,General Surgeon,15,650.0,95.0,73,Practo,0,0,0,0
Dr. Vikranth Mummaneni,"CARE Hospitals Outpatient Centre, Banjara Hills",hyderabad,Oncologist,23,850.0,96.0,24,Practo,0,0,0,0
Dr. Sumanth Shetty,Chisel Dental,bangalore,Dentist,27,300.0,96.0,4869,Practo,0,0,1,0
Dr. K A Mohan,Dental De Care,bangalore,Dentist,57,500.0,94.0,77,Practo,0,0,0,1
Dr. Mahantesh,Smile Care Orthodontic Center and Multispeciality Dental Clinic,bangalore,Dentist,18,500.0,99.0,2740,Practo,0,0,1,0
Dr. Harish Prasad B.R,Vitals Skin and hair clinic,bangalore,Hair Transplant Surgeon,19,1000.0,95.0,838,Practo,0,0,1,0
Dr. Baswaraj Biradar,Impressions Dental Specialities,bangalore,Dentist,29,400.0,98.0,2309,Practo,0,0,1,0
Dr. Renu Nair,Dr. Renu's Skin And Hair Clinic,bangalore,Dermatologist,18,900.0,97.0,483,Practo,0,0,1,0
Dr. Sunil Rao,Smile Dental Care,bangalore,Dentist,30,500.0,97.0,462,Practo,0,0,1,0
Dr. Shyam Padmanabhan,Vignesh Dental Speciality Centre,bangalore,Dentist,30,500.0,99.0,805,Practo,0,0,1,0
Dr. Abhilash Ravindranath,Smiles N Invisalign and Dental Implant Centre,bangalore,Dentist,23,500.0,96.0,2481,Practo,0,0,1,0
Dr. Deepthi B C,Wisden Clinics,bangalore,Dentist,18,300.0,98.0,240,Practo,0,0,1,0
Dr. Kim Upadhyay,Kosmodent Dental Studio and Implant Centre,bangalore,Dentist,19,500.0,96.0,164,Practo,0,0,0,0
Dr. Bhavin Shah,American Dental Practices,bangalore,Dentist,17,500.0,99.0,417,Practo,0,0,1,0
Dr. Nishanth Shetty,IMEX CARE DENTAL CLINIC PRIVATE LIMITED,bangalore,Dentist,15,500.0,100.0,1721,Practo,0,0,1,0
Dr. Dinesh,Smile Care Orthodontic Center and Multispeciality Dental Clinic,bangalore,Dentist,18,500.0,95.0,56,Practo,0,0,0,0
Dr. A. Praveen Kumar Reddy,Smaya's Dento Care,bangalore,Dentist,19,300.0,96.0,79,Practo,0,0,0,0
Dr. Venkatesh M J,All Care Dental Centre - since 1969,bangalore,Dentist,32,300.0,85.0,68,Practo,0,0,0,0
Dr. Aarti Talikoti,Infinit Dental Solutions,bangalore,Dentist,23,400.0,97.0,226,Practo,0,0,1,0
Dr. Vivekananda Reddy,Smile Craft Dental and Implant Centre,bangalore,Dentist,25,500.0,98.0,530,Practo,0,0,1,0
Dr. Prahlad Shenava,DENTIN Multispeciality Dental Clinic and Implant Centre,bangalore,Dentist,16,1000.0,99.0,77,Practo,0,0,0,0
Dr. Savitha A S,Calyx Skin Lab,bangalore,Dermatologist,20,900.0,91.0,196,Practo,0,0,0,0
Dr. Prafulla Biradar,Impressions Dental Specialities,bangalore,Dentist,25,400.0,99.0,446,Practo,0,0,1,0
Dr. Eswari.L,Skin Xperts Super Speciality Skin Hair and Laser Clinics,bangalore,Dermatologist,25,750.0,83.0,47,Practo,0,0,0,0
Dr. Rupali Borkar,V-Care Dental Speciality Clinic,bangalore,Dentist,27,500.0,75.0,16,Practo,0,1,0,0
Dr. Jonathan Eric Rao,Urban Dental Clinic,bangalore,Dentist,18,500.0,98.0,332,Practo,0,0,1,0
Dr. Kumar Gaurav,DENTIN Multispeciality Dental Clinic and Implant Centre,bangalore,Dentist,15,400.0,100.0,29,Practo,0,0,0,0
Dr. Jnanesha H.C,Excel Dental Care,bangalore,Dentist,24,300.0,98.0,523,Practo,0,0,1,0
Dr. Pramod,Dental de Care,bangalore,Dentist,22,500.0,98.0,760,Practo,0,0,1,0
Dr. Raghavendra,Gajanana Smile Care Dental Clinic,bangalore,Dentist,16,400.0,100.0,2088,Practo,0,0,1,0
Dr. Allu Venkateswara Reddy,The Dental Venue,bangalore,Dentist,28,500.0,88.0,41,Practo,0,0,0,0
Dr. Sharada P Gowda,American Dental Practices,bangalore,Dentist,17,500.0,98.0,218,Practo,0,0,1,0
Dr. Vahini Nayar,The Dental Venue,bangalore,Dentist,28,500.0,92.0,13,Practo,0,0,0,0
Dr. Sheelavathi Natraj,Sapphire Skin and Aesthetics Clinic,bangalore,Dermatologist,22,900.0,93.0,1697,Practo,0,0,1,0
Dr. M J Murali,All Care Dental Centre - since 1969,bangalore,Dentist,29,300.0,94.0,227,Practo,0,0,1,0
Dr. S Tamil Arasi,Smaya's Dento Care,bangalore,Dentist,22,300.0,50.0,24,Practo,0,1,0,0
Dr. Archana S,Dental Trendz,bangalore,Dentist,21,400.0,98.0,290,Practo,0,0,1,0
Dr. Pavan T P,Credence Dental,bangalore,Dentist,17,500.0,99.0,335,Practo,0,0,1,0
Dr. Shambhu H Shivanna,Ivory Dental,bangalore,Dentist,27,400.0,98.0,632,Practo,0,0,1,0
Dr. D N Naveen,Vignesh Dental Speciality Centre,bangalore,Dentist,32,500.0,97.0,104,Practo,0,0,0,0
Dr. Raju Srinivas,Dental Health Care Clinic,bangalore,Dentist,30,400.0,95.0,226,Practo,0,0,1,0
Dr. Ramya,Ivory Dental,bangalore,Dentist,23,400.0,98.0,56,Practo,0,0,0,0
Dr. Swarnalatha Bejjam,Smaya's Dento Care,bangalore,Dentist,19,300.0,75.0,4,Practo,0,1,0,0
Dr. Sanjay Kaul,V-Care Dental Speciality Clinic,bangalore,Dentist,30,500.0,93.0,582,Practo,0,0,1,0
Dr. Sirse Namrata,Smile Care Orthodontic Center and Multispeciality Dental Clinic,bangalore,Dentist,14,500.0,99.0,206,Practo,0,0,1,0
Dr. Aditi Garg,Elite Esthetics and Dental Clinic,bangalore,Dentist,19,400.0,98.0,183,Practo,0,0,0,0
Dr. Minty Sharma,Smiles Dental Studio,bangalore,Dentist,20,350.0,98.0,1016,Practo,0,0,1,0
Dr. Sindhu S Kumar,Excel Dental Care,bangalore,Dentist,17,300.0,99.0,202,Practo,0,0,1,0
Dr. Vishwanath Hiremath,Dr. Hiremath Hospital,bangalore,Dentist,29,500.0,96.0,24,Practo,0,0,0,0
Dr. Sanjay S Desai,Dr. Desai Skin and Hair Clinic,bangalore,Dermatologist,18,600.0,93.0,98,Practo,0,0,0,0
Dr. Parthasarathi Dutta Roy,Dr. Partha Sarathi's Asian Hair And Skin Hospitals,bangalore,Dermatologist,23,900.0,88.0,5039,Practo,0,0,1,0
Dr. Mallayya R. Pujari,32 Smiles Multispeciality Dental Clinic,bangalore,Dentist,20,200.0,96.0,4001,Practo,0,0,1,0
Dr. Rashmi Shetty,Chisel Dental,bangalore,Dentist,21,350.0,99.0,4586,Practo,0,0,1,0
Dr. Prashanth G.S,Ivory Dental,bangalore,Dentist,27,500.0,98.0,125,Practo,0,0,0,0
Dr. Chiranjeevi Reddy,Ivory Dental,bangalore,Dentist,26,400.0,99.0,463,Practo,0,0,1,0
Dr. Amrutha,Skin Xperts Super Speciality Skin Hair And Laser Clinics,bangalore,Dermatologist,17,500.0,69.0,36,Practo,0,1,0,0
Dr. Preetha Peethambar,Smiles N Invisalign and Dental Implant Centre,bangalore,Dentist,24,500.0,99.0,152,Practo,0,0,0,0
Dr. Neha Gupta,DYU Aesthetics,bangalore,Dermatologist,25,1000.0,89.0,70,Practo,0,0,0,0
Dr. Swati Bhat,Hosmat Hospital,bangalore,Spine And Pain Specialist,20,1200.0,78.0,9,Practo,0,0,0,0
Dr. Vithal Malmande,HOSMAT Hospital,bangalore,Plastic Surgeon,21,750.0,100.0,10,Practo,0,0,0,0
Dr. Cajetan M F Tellis,Sai Thunga Hospitals,bangalore,Pediatrician,37,800.0,87.0,199,Practo,0,0,0,0
Dr. Pallavi Rathi,My Skin My Health,mumbai,Dermatologist,22,1500.0,88.0,703,Practo,0,0,1,0
Dr. Amit Gulati,Akira Skin And Hair Clinic,mumbai,Dermatologist,19,1200.0,98.0,94,Practo,0,0,0,0
Dr. Agarkar Amit Suresh,V Plant Advance Hair Clinic,mumbai,Hair Transplant Surgeon,21,600.0,91.0,182,Practo,0,0,0,0
Dr. Chitrang Thaker,The Dental Studio,mumbai,Dentist,26,500.0,97.0,817,Practo,0,0,1,0
Dr. Manoj Bodhwani,Tooth Avenue,mumbai,Dentist,20,500.0,98.0,303,Practo,0,0,1,0
Dr. Dhruti Raut Chavan,Smile Again Dental Clinic,mumbai,Dentist,17,500.0,98.0,126,Practo,0,0,0,0
Dr. Manish S. Sonawane,Millennium Smile Dental Clinic,mumbai,Dentist,21,1000.0,99.0,212,Practo,0,0,1,0
Dr. Raina Nahar,Kaizen Skin Clinic,mumbai,Dermatologist,18,1200.0,92.0,507,Practo,0,0,1,0
Dr. Varoon Jain,Smile Sutra Multi Speciality Dental Clinic,mumbai,Dentist,19,500.0,95.0,133,Practo,0,0,0,0
Dr. Parag M. Khatri,Dental Square,mumbai,Dentist,33,500.0,99.0,1440,Practo,0,0,1,0
Dr. Vaidehi Saigaonkar Newaskar,Krasa Skin and Hair Clinic,mumbai,Dermatologist,16,2000.0,99.0,184,Practo,1,0,0,0
Dr. Bharti Patel,Bella Skin & Hair Clinic,mumbai,Dermatologist,21,1500.0,93.0,1622,Practo,0,0,1,0
Dr. Reshma Phulwar,32 Pearls Dental Clinic,mumbai,Dentist,30,500.0,95.0,714,Practo,0,0,1,0
Dr. Kshama P Vibhakar,Skin 'N' Sculpt,mumbai,Dermatologist,23,1500.0,94.0,351,Practo,0,0,1,0
Dr. Bhavin Shah,American Dental Practices,mumbai,Dentist,17,500.0,99.0,417,Practo,0,0,1,0
Dr. Amit Chavan,Smile Again Dental Clinic,mumbai,Dentist,18,500.0,99.0,587,Practo,0,0,1,0
Dr. Suraj Shetty,Tvaksh Advanced Skin And Hair Clinic,mumbai,Dermatologist,17,1500.0,98.0,287,Practo,0,0,1,0
Dr. Reshma Shankar Chawla,Blanco Aesthetics,mumbai,Dentist,16,500.0,96.0,83,Practo,0,0,0,0
Dr. Amruta Save,American Dental Practices,mumbai,Dentist,17,500.0,96.0,24,Practo,0,0,0,0
Dr. Sonia Tekchandani,Tender Skin International,mumbai,Dermatologist,40,1500.0,94.0,619,Practo,0,0,1,0
Dr. Purnima Arbhanad,Krishna Eye Centre,mumbai,Ophthalmologist,15,1500.0,100.0,1,Practo,0,0,0,0
Dr. Shreyansh Doshi,Krishna Eye Centre,mumbai,Ophthalmologist,15,1500.0,96.0,24,Practo,0,0,0,0
Dr. Chaurasia Vivek Kumar,A1 Superspeciality Healthcare,mumbai,Internal Medicine,29,1000.0,80.0,21,Practo,0,0,0,0
Dr. Balbirsingh Kohli,Apex Hospitals,mumbai,General Physician,31,1500.0,96.0,24,Practo,0,0,0,0
Dr. Kaustubh Durve,Platinum Hospital,mumbai,General Physician,19,2000.0,100.0,1,Practo,1,0,0,0
Dr. Mrinalini Singh,Elite Women and Child Care Hospital,mumbai,Internal Medicine,15,2000.0,100.0,16,Practo,1,0,0,0
Dr. Milind Deole,Mauli Aarogyam Multi Speciality Hospital,mumbai,General Physician,30,1200.0,100.0,1,Practo,0,0,0,0
Dr. Ajay garg,Garg Multispeciality Hospital,mumbai,General Physician,46,1500.0,96.0,24,Practo,0,0,0,1
Dr. Pranav Rajnikant Shah,Thunga STH Hospital,mumbai,Anesthesiologist,18,600.0,96.0,24,Practo,0,0,0,0
Dr. Madhava Karanth,Sudhanshu Hospital & ICCU,mumbai,General Physician,38,2500.0,96.0,24,Practo,1,0,0,0
Dr. Ganvir Amit,Xenon Multi-speciality Hospital,mumbai,General Physician,16,1000.0,50.0,2,Practo,0,1,0,0
Dr. Manish Arora,Sudhanshu Hospital & ICCU,mumbai,Anesthesiologist,28,2000.0,96.0,24,Practo,1,0,0,0
Dr. Jain Padmesh Satishchand,A1 Superspeciality Healthcare,mumbai,Electrotherapist,23,1500.0,96.0,24,Practo,0,0,0,0
Dr. Yadav Rajesh Rammurti,A1 Superspeciality Healthcare,mumbai,General Physician,19,1500.0,96.0,24,Practo,0,0,0,0
Dr. Shah Arpan Rameshchandra,SRV-C Hospital,mumbai,General Physician,20,1500.0,100.0,1,Practo,0,0,0,0
Dr. Kamwal Basant Sadilal,HCG Cancer Centre,mumbai,Internal Medicine,34,1500.0,96.0,24,Practo,0,0,0,0
Dr. Amit Gawande,Sujay Hospital,mumbai,Pulmonologist,17,2000.0,100.0,24,Practo,1,0,0,0
Dr. Balaji Aironi,Surana Sethia Hospital and Research Center,mumbai,Cardiac Surgeon,26,2000.0,96.0,24,Practo,1,0,0,0
Dr. Jitendra Jain,Lilavati Hospital and Research Centre,mumbai,Anesthesiologist,33,3300.0,96.0,24,Practo,1,0,0,0
Dr. Viral Kothari,A1 Superspeciality Healthcare,mumbai,General Physician,15,1200.0,96.0,24,Practo,0,0,0,0
Dr. Manjushri Kothekar,ART Fertility Clinics,mumbai,Infertility Specialist,22,800.0,100.0,41,Practo,0,0,0,0
Dr. Paresh C. Trivedi,Chaitanya Mindcare Centre,mumbai,Psychiatrist,31,2000.0,95.0,951,Practo,1,0,1,0
Dr. Mehul Choksi,Lilavati Hospital and Research Centre,mumbai,Gastroenterologist,25,2200.0,90.0,302,Practo,1,0,1,0
Dr. Vidya Patil,Arya Women's Hospital,mumbai,Gynecologist/Obstetrician,30,1500.0,83.0,153,Practo,0,0,0,0
Dr. Swati Kanakia,Lilavati Hospital and Research Centre,mumbai,Pediatrician,37,2200.0,99.0,71,Practo,1,0,0,0
Dr. Abhijeet Desai,Sohum Eye Care Centre- a unit of Dr Agarwals Eye Hospital,mumbai,Ophthalmologist,30,800.0,88.0,131,Practo,0,0,0,0
Dr. Raju Sahetya,Pushpaa Hospital,mumbai,Gynecologist/Obstetrician,47,1500.0,95.0,34,Practo,0,0,0,1
Dr. Saumil Sheth,Envision Super Speciality Retina & Eye Hospital,mumbai,Ophthalmologist,26,500.0,84.0,90,Practo,0,0,0,0
Dr. Nishikant Borse,Insight Eye Clinic,mumbai,Ophthalmologist,36,2000.0,97.0,278,Practo,1,0,1,0
Dr. Richa Jagtap,ART Fertility Clinics,mumbai,Infertility Specialist,25,800.0,97.0,30,Practo,0,0,0,0
Dr. Gul J. Nankani,Krishna Eye Centre,mumbai,Ophthalmologist,36,1500.0,98.0,1850,Practo,0,0,1,0
Dr. Pooja Ghodke,IKSHA Eye Care,mumbai,Ophthalmologist,16,600.0,99.0,275,Practo,0,0,1,0
Dr. Anil Yadav,Arohi Eye Hospital,mumbai,Ophthalmologist,24,1000.0,95.0,40,Practo,0,0,0,0
Dr. Ashish Gupta,Sanjeevani Mamta Hospital & Research Centre,mumbai,Urologist,24,1400.0,93.0,59,Practo,0,0,0,0
Dr. Namrita Sheregar,Nakshatra Multispeciality Hospital,mumbai,Gynecologist/Obstetrician,20,1200.0,97.0,295,Practo,0,0,1,0
Dr. Ankesh Sahetya,Pushpaa Hospital,mumbai,Gynecologist/Obstetrician,18,1500.0,99.0,1619,Practo,0,0,1,0
Dr. Rohann Bokdawala,Mind Solutions,mumbai,Psychiatrist,17,3000.0,98.0,792,Practo,1,0,1,0
Dr. Bhavik Shah,SRV-C Hospital,mumbai,Ear-Nose-Throat (ENT) Specialist,20,1500.0,94.0,130,Practo,0,0,0,0
Dr. Vishal Diddi,Surana Hospital And Research Center,mumbai,General Surgeon,20,2000.0,100.0,47,Practo,1,0,0,0
Dr. Adip K shetty,Apricity ENT Care Center,mumbai,Ear-Nose-Throat (ENT) Specialist,18,1500.0,95.0,463,Practo,0,0,1,0
Dr. Ritu Hinduja,"Cloudnine Fertility - IVF Centre, Malad West",mumbai,Infertility Specialist,21,1000.0,77.0,13,Practo,0,0,0,0
Dr. Vaishali Killekar (Bhurke),Mauli Aarogyam Multi Speciality Hospital,mumbai,Gynecologist/Obstetrician,26,1000.0,86.0,29,Practo,0,0,0,0
Dr. Amit Chakraborty,Specialty Surgical Oncology Hospital and Research,mumbai,Oncologist,19,2000.0,82.0,17,Practo,1,0,0,0
Dr. Saket Sathe,Surana Hospital And Research Center,mumbai,Urologist,15,1500.0,94.0,69,Practo,0,0,0,0
Dr. Ranjan Burnwal,Surana Sethia Hospital and Research Center,mumbai,Orthopedist,17,1500.0,75.0,12,Practo,0,1,0,0
Dr. Nita A Shah,Aayush Eye Clinic - A Unit of Dr Agarwals Eye Hospital,mumbai,Ophthalmologist,45,1200.0,87.0,145,Practo,0,0,0,1
Dr. Divya Ahuja,Mangal Anand Hospital,mumbai,Orthopedist,18,1600.0,94.0,150,Practo,0,0,0,0
Dr. Harish Rai,Drishti Eye Care Centre,mumbai,Ophthalmologist,34,1000.0,81.0,22,Practo,0,0,0,0
Dr. Haresh H Manglani,Sudhanshu Hospital & ICCU,mumbai,Orthopedist,37,2000.0,71.0,16,Practo,1,1,0,0
Dr. Darshana Thakur,Platinum Hospital,mumbai,Diabetologist,16,2000.0,75.0,8,Practo,1,1,0,0
Dr. Nilesh Sureshchandra Chordiya,SSO Cancer Clinic,mumbai,General Surgeon,26,2000.0,98.0,243,Practo,1,0,1,0
Dr. Hrishikesh Pai,Bloom IVF Centre,mumbai,Gynecologist/Obstetrician,43,2000.0,100.0,54,Practo,1,0,0,0
Dr. Suraj Suchak,Lilavati Hospital and Research Centre,mumbai,Urologist,23,2200.0,97.0,300,Practo,1,0,1,0
Dr. Sonia G. Nankani,Krishna Eye Centre,mumbai,Ophthalmologist,35,1500.0,98.0,878,Practo,0,0,1,0
Dr. Mukesh Shah,Surana Hospital And Research Center,mumbai,General Surgeon,43,1200.0,91.0,23,Practo,0,0,0,0
Dr. Samir Baghadia,Surana Hospital And Research Center,mumbai,Urologist,19,2000.0,79.0,19,Practo,1,0,0,0
Dr. Shashank Shah,Lilavati Hospital and Research Centre,mumbai,General Surgeon,37,3300.0,96.0,55,Practo,1,0,0,0
Dr. Aditi Agrawal,A1 Superspeciality Healthcare,mumbai,General Surgeon,21,1000.0,95.0,151,Practo,0,0,0,0
Dr. Shradha Goel,Arohi Eye Hospital,mumbai,Ophthalmologist,24,1500.0,99.0,664,Practo,0,0,1,0
Dr. Vicky Jain,Surana Sethia Hospital and Research Center,mumbai,Plastic Surgeon,20,2000.0,98.0,131,Practo,1,0,0,0
Dr. Adita Agrawal,Mindsight Clinic,mumbai,Psychiatrist,17,2000.0,85.0,45,Practo,1,0,0,0
Dr. Radhika Sheth,Luma Fertility Clinic,mumbai,Infertility Specialist,24,2000.0,99.0,324,Practo,1,0,1,0
Dr. Nandita P Palshetkar,Bloom IVF Centre,mumbai,Infertility Specialist,36,2000.0,84.0,49,Practo,1,0,0,0
Dr. Kamran Khan,Specialty Surgical Oncology Hospital and Research,mumbai,General Surgeon,35,4000.0,95.0,77,Practo,1,0,0,0
Dr. Jay Goyal,Surya Eye,mumbai,Ophthalmologist,21,1200.0,92.0,38,Practo,0,0,0,0
Dr. Agraja Tripathi,Platinum Hospital,mumbai,General Surgeon,18,500.0,100.0,12,Practo,0,0,0,0
Dr. Salaah Qureshi,Bluebell Hospital,mumbai,Internal Medicine,23,1500.0,100.0,30,Practo,0,0,0,0
Dr. Sachin V Shah,Vin-R Eye Care Centre,mumbai,Ophthalmologist,27,500.0,80.0,44,Practo,0,0,0,0
Dr. Pradeep Moonot,Lilavati Hospital and Research Centre,mumbai,Orthopedist,29,3300.0,100.0,18,Practo,1,0,0,0
Dr. Himanshu Mehta,NAYANSHAKTI VISSION EYE HOSPITAL,mumbai,Ophthalmologist,41,1500.0,91.0,549,Practo,0,0,1,0
Dr. Navina Singh,Birla Fertility & IVF,mumbai,Infertility Specialist,16,1500.0,100.0,2,Practo,0,0,0,0
Dr. Suresh V Rang,Lilavati Hospital and Research Centre,mumbai,Internal Medicine,54,3300.0,80.0,2,Practo,1,0,0,1
Dr. Yuvaraja S Shetty,Elite Women and Child Care Hospital,mumbai,Pediatrician,19,1500.0,99.0,510,Practo,0,0,1,0
Dr. Manish Shantilal Shah,Dr Agarwals Health Care,mumbai,Ophthalmologist,34,1500.0,88.0,7,Practo,0,0,0,0
Dr. Dhiraj Sonawane,Surana Sethia Hospital and Research Center,mumbai,Spine Surgeon,20,1000.0,100.0,1,Practo,0,0,0,0
Dr. Mihirgiri I Goswami,Platinum Hospital,mumbai,Orthopedist,25,2000.0,84.0,38,Practo,1,0,0,0
Dr. Kapil Mohan,Aditi Hospital,mumbai,Spine Surgeon,23,1500.0,92.0,25,Practo,0,0,0,0
Dr. Sanjay Singh,Mangal Anand Hospital,mumbai,Orthopedist,21,1600.0,89.0,18,Practo,0,0,0,0
Dr. B.R. Ramesh Rao,Sanjeevani Mamta Hospital & Research Centre,mumbai,Nephrologist,45,3000.0,89.0,47,Practo,1,0,0,1
Dr. Aditya Patil,Surana Sethia Hospital and Research Center,mumbai,Neurosurgeon,17,2000.0,93.0,14,Practo,1,0,0,0
Dr. Sheetal Pandey Tejwani,Veda Fertility And Urology Care,mumbai,Gynecologist/Obstetrician,17,1000.0,96.0,985,Practo,0,0,1,0
Dr. Shailendra Patil,Aditi Hospital,mumbai,Orthopedist,26,2000.0,97.0,314,Practo,1,0,1,0
Dr. Shweta Inamdar Kulkarni,New Delhi Center For Sight Limited,mumbai,Ophthalmologist,18,500.0,100.0,25,Practo,0,0,0,0
Dr. Swapnil Tople,Surana Sethia Hospital and Research Center,mumbai,Urologist,18,1500.0,65.0,40,Practo,0,1,0,0
Dr. Cherry Chetan Shah,Lilavati Hospital and Research Centre,mumbai,Gynecologist/Obstetrician,50,2200.0,96.0,24,Practo,1,0,0,1
Dr. Ryan DSouza,DR AGARWAL EYE HOSPITAL - CEDS,mumbai,Ophthalmologist,31,2000.0,100.0,855,Practo,1,0,1,0
Dr. Malika Bharadwaj,Mallika Hospital,mumbai,Pediatrician,16,1000.0,96.0,24,Practo,0,0,0,0
Dr. Seema Behl,Arohi Eye Hospital,mumbai,Ophthalmologist,35,1500.0,94.0,67,Practo,0,0,0,0
Dr. Yessu Krishna Shetty,Thunga STH Hospital,mumbai,Ear-Nose-Throat (ENT) Specialist,18,1000.0,96.0,79,Practo,0,0,0,0
Dr. Haresh Asnani,Aayush Eye Clinic - A Unit of Dr Agarwals Eye Hospital,mumbai,Ophthalmologist,43,1200.0,100.0,10,Practo,0,0,0,0
Dr. Satyen Mehta,Surana Sethia Hospital and Research Center,mumbai,Spine Surgeon,26,2500.0,97.0,512,Practo,1,0,1,0
Dr. Abhishek Karadkar,SRV-C Hospital,mumbai,Spine And Pain Specialist,18,1500.0,100.0,1,Practo,0,0,0,0
Dr. Saumil Kothari,Bombay City Eye Institute & Research Center,mumbai,Ophthalmologist,24,2500.0,100.0,3,Practo,1,0,0,0
Dr. Abhay Agrawal,Apex Superspeciality Hospitals,mumbai,Bariatric Surgeon,31,2000.0,100.0,2,Practo,1,0,0,0
Dr. Ila Tyagi,SRV-C Hospital,mumbai,Reproductive Endocrinologist (Infertility),34,1500.0,76.0,37,Practo,0,1,0,0
Dr. Fahad Afzal S,Mallika Hospital,mumbai,Oncologist,17,2000.0,100.0,1,Practo,1,0,0,0
Dr. Trupti Barchha,Xenon Multi-speciality Hospital,mumbai,Homoeopath,16,1500.0,100.0,1,Practo,0,0,0,0
Dr. Swati Kapadia,Thunga STH Hospital,mumbai,Gynecologist/Obstetrician,36,1800.0,93.0,15,Practo,1,0,0,0
Dr. Amol Suresh Patil,Aum Superspeciality Hospital,mumbai,General Surgeon,25,1500.0,100.0,24,Practo,0,0,0,0
Dr. Shruti Parikh,"Cloudnine Fertility - IVF Centre, Malad West",mumbai,Infertility Specialist,18,1300.0,99.0,222,Practo,0,0,1,0
Dr. Parag Vibhakar,Mauli Aarogyam Multi Speciality Hospital,mumbai,Plastic Surgeon,20,1000.0,97.0,58,Practo,0,0,0,0
Dr. Bhushan Ghodke,IKSHA Eye Care,mumbai,Ophthalmologist,18,600.0,99.0,499,Practo,0,0,1,0
Dr. Hemant A Jain,Mallika Hospital,mumbai,GastroIntestinal Surgeon,21,1500.0,100.0,1,Practo,0,0,0,0
Dr. Vinod Dubey,A1 Superspeciality Healthcare,mumbai,Orthopedist,16,2000.0,100.0,1,Practo,1,0,0,0
Dr. Nikhil Gawde,Surana Sethia Hospital and Research Center,mumbai,Laparoscopic Surgeon,17,1000.0,100.0,9,Practo,0,0,0,0
Dr. Abhishek M Shah,Surana Hospital And Research Center,mumbai,Urologist,18,1500.0,50.0,2,Practo,0,1,0,0
Dr. Rajeev Punjabi,Thunga STH Hospital,mumbai,Gynecologist/Obstetrician,30,2000.0,67.0,3,Practo,1,1,0,0
Dr. Raju I Gujrathi,A1 Superspeciality Healthcare,mumbai,Pediatrician,26,1500.0,50.0,2,Practo,0,1,0,0
Dr. Samir Pilankar,Sujay Hospital,mumbai,Orthopedist,31,2000.0,96.0,24,Practo,1,0,0,0
Dr. Amandeep Gujral,Mangal Anand Hospital,mumbai,Spine Surgeon,17,1600.0,100.0,75,Practo,0,0,0,0
Dr. Vinod R Goyal,Surya Eye Institute & Research Center,mumbai,Ophthalmologist,48,800.0,38.0,8,Practo,0,1,0,1
Dr. Modi Kruti Harshad,Surya Eye,mumbai,Ophthalmologist,22,2000.0,96.0,24,Practo,1,0,0,0
Dr. Chandranath Tiwari,Platinum Hospital,mumbai,Neurosurgeon,24,500.0,100.0,7,Practo,0,0,0,0
Dr. Sunil Arora,Mangal Anand Hospital,mumbai,Orthopedist,41,1600.0,92.0,37,Practo,0,0,0,0
Dr. Kshitij Dhaval Shah,Sujay Hospital,mumbai,Ear-Nose-Throat (ENT) Specialist,23,2000.0,96.0,24,Practo,1,0,0,0
Dr. Alok Kumar Shaligram Pandey,Lilavati Hospital and Research Centre,mumbai,Orthopedist,22,2200.0,100.0,10,Practo,1,0,0,0
Dr. Manali Parmar,Elite Women and Child Care Hospital,mumbai,Gynecologist/Obstetrician,26,2000.0,67.0,2,Practo,1,1,0,0
Dr. Aaditya D Kashikar,Lilavati Hospital and Research Centre,mumbai,Spine Surgeon,21,2200.0,96.0,24,Practo,1,0,0,0
Dr. Mangesh Kohale,Lilavati Hospital and Research Centre,mumbai,Cardiac Surgeon,24,2200.0,100.0,4,Practo,1,0,0,0
Dr. Krishna Prasad Irniraya,Lilavati Hospital and Research Centre,mumbai,Cardiothoracic Surgeon,33,3300.0,100.0,8,Practo,1,0,0,0
Dr. Sharad Sheth,Mallika Hospital,mumbai,Nephrologist,50,1200.0,93.0,13,Practo,0,0,0,1
Dr. Tanuja Uchil,Oma Hospital - A Women's Speciallty Hospital,mumbai,Gynecologist/Obstetrician,29,2000.0,93.0,1041,Practo,1,0,1,0
Dr. Abhilash Dhruv,Thunga STH Hospital,mumbai,Spine Surgeon,20,2500.0,50.0,2,Practo,1,1,0,0
Dr. Abhishek Shirkande,Surana Sethia Hospital and Research Center,mumbai,Nephrologist,20,1500.0,74.0,19,Practo,0,1,0,0
Dr. Gangurde Pranil Bhalchandra,A1 Superspeciality Healthcare,mumbai,Cardiologist,18,2000.0,96.0,24,Practo,1,0,0,0
Dr. Dhanashree Mane Dhabalia,IKSHA Eye Care,mumbai,Ophthalmologist,18,600.0,100.0,44,Practo,0,0,0,0
Dr. Ram Chaddha,Lilavati Hospital and Research Centre,mumbai,Orthopedist,41,5400.0,100.0,9,Practo,1,0,0,0
Dr. Akash Surana,Cloudnine Fertility - IVF Centre,mumbai,Infertility Specialist,18,1000.0,98.0,40,Practo,0,0,0,0
Dr. Sanket Shetty,Thunga STH Hospital,mumbai,Plastic Surgeon,16,1500.0,100.0,12,Practo,0,0,0,0
Dr. Siddharth Sheth,Mallika Hospital,mumbai,Cardiologist,24,2000.0,50.0,1,Practo,1,1,0,0
Dr. Vinaykumar Thati,Lilavati Hospital and Research Centre,mumbai,General Surgeon,25,2200.0,100.0,1,Practo,1,0,0,0
Dr. Pratik Aggarwal,Sanjeevani Mamta Hospital & Research Centre,mumbai,Ophthalmologist,15,1200.0,96.0,24,Practo,0,0,0,0
Dr. R V Paratey,Mauli Aarogyam Multi Speciality Hospital,mumbai,Pediatrician,50,1000.0,96.0,24,Practo,0,0,0,1
Dr. Suresh Rao,Sanjeevani Mamta Hospital & Research Centre,mumbai,General Surgeon,48,1000.0,100.0,1,Practo,0,0,0,1
Dr. Ladkat Kiran M,Mangal Anand Hospital,mumbai,Orthopedist,23,1600.0,97.0,29,Practo,0,0,0,0
Dr. Swagata Sarkar,Smart Vision Eye Centre,mumbai,Ophthalmologist,26,1500.0,100.0,1,Practo,0,0,0,0
Dr. Uday Pawar,A1 Superspeciality Healthcare,mumbai,General Surgeon,25,3000.0,100.0,38,Practo,1,0,0,0
Dr. Anuj Bhasin,Platinum Hospital,mumbai,Cardiologist,28,2000.0,82.0,11,Practo,1,0,0,0
Dr. Satish Rao,Lilavati Hospital and Research Centre,mumbai,General Surgeon,33,3300.0,100.0,1,Practo,1,0,0,0
Dr. Gautam Nadkarni,Surana Sethia Hospital and Research Center,mumbai,General Surgeon,29,1000.0,88.0,6,Practo,0,0,0,0
Dr. Karthik Subramanian,Platinum Hospital,mumbai,Orthopedist,16,1000.0,67.0,9,Practo,0,1,0,0
Dr. Jigar Hemant Maniar,Aditya Eye Clinic,mumbai,Ophthalmologist,28,800.0,100.0,3,Practo,0,0,0,0
Dr. Sonia Jain Kothari,Bombay City Eye Institute & Research Center,mumbai,Ophthalmologist,24,2500.0,96.0,24,Practo,1,0,0,0
Dr. Zahir Abbas Merchant,Mallika Hospital,mumbai,Spine Surgeon,17,1500.0,95.0,44,Practo,0,0,0,0
Dr. Hemakshi Mehta,Apex Superspeciality Hospitals,mumbai,Gynecologist/Obstetrician,15,1500.0,100.0,1,Practo,0,0,0,0
Dr. Meghal M. Goswami,Elite Women and Child Care Hospital,mumbai,Gynecologist/Obstetrician,19,2000.0,100.0,11,Practo,1,0,0,0
Dr. Sonali Tawde,Sudhanshu Hospital & ICCU,mumbai,Infertility Specialist,23,2000.0,71.0,7,Practo,1,1,0,0
Dr. Arvind Dhar,Mauli Aarogyam Multi Speciality Hospital,mumbai,Pediatrician,43,1200.0,96.0,24,Practo,0,0,0,0
Dr. Kamal Mudaliyar,Elite Women and Child Care Hospital,mumbai,Pediatrician,18,2000.0,96.0,24,Practo,1,0,0,0
Dr. Siddharth Vinod Lakhani,SRV-C Hospital,mumbai,Nephrologist,17,2000.0,93.0,28,Practo,1,0,0,0
Dr. Bipin A Ghanghurde,Mangal Anand Hospital,mumbai,Orthopedist,18,1600.0,100.0,1,Practo,0,0,0,0
Dr. M T Khan,SRV-C Hospital,mumbai,Orthopedist,18,1500.0,96.0,57,Practo,0,0,0,0
Dr. Asif Bhojani,Mallika Hospital,mumbai,Internal Medicine,24,1000.0,100.0,4,Practo,0,0,0,0
Dr. Rishit Harbada,Garg Multispeciality Hospital,mumbai,Nephrologist,16,2000.0,86.0,7,Practo,1,0,0,0
Dr. Vijay Sharnangat,Surana Hospital And Research Center,mumbai,Oncologist,22,2000.0,96.0,24,Practo,1,0,0,0
Dr. Mahore Amit,Surana Hospital And Research Center,mumbai,Neurosurgeon,26,2000.0,91.0,11,Practo,1,0,0,0
Dr. Sheetal Mohite,Mangal Anand Hospital,mumbai,Orthopedist,27,1600.0,89.0,27,Practo,0,0,0,0
Dr. Ajit Bhusagare Reddy,Mangal Anand Hospital,mumbai,Orthopedist,22,1500.0,100.0,4,Practo,0,0,0,0
Dr. Anant Nagrale,Apex MultiSpeciality Hospital,mumbai,Internal Medicine,22,1000.0,96.0,24,Practo,0,0,0,0
Dr. Amit Bhasin,Prive Luxe Skin and Wellness,delhi,Dermatologist,17,1200.0,91.0,121,Practo,0,0,0,0
Dr. Chanchal Choudhary,La Fameux Derma Skin And Hair Clinic,delhi,Dermatologist,22,800.0,90.0,192,Practo,0,0,0,0
Dr. Gurkeerat Singh,D-32 The Dental Centre,delhi,Dentist,31,500.0,94.0,174,Practo,0,0,0,0
Dr. Geetanjali Marya,Marya's Dental and Implant Centre,delhi,Dentist,39,800.0,97.0,117,Practo,0,0,0,0
Dr. Kapil Garg,City Dental,delhi,Dentist,21,300.0,98.0,431,Practo,0,0,1,0
Dr. Payal Gupta,Skin and Bones Clinic,delhi,Dermatologist,30,1000.0,96.0,479,Practo,0,0,1,0
Dr. Akshay Midha,Dr Akshay Midha - Dr Ved Prakash Memorial Dental Clinics,delhi,Dentist,24,500.0,99.0,100,Practo,0,0,0,0
Dr. Aamir Siddiqui,Dr. Siddiqui's Skin Clinic,delhi,Dermatologist,18,1200.0,96.0,970,Practo,0,0,1,0
Dr. Karan Marya,Marya's Dental and Implant Centre,delhi,Dentist,43,800.0,96.0,124,Practo,0,0,0,0
Dr. Rakesh,Rakshaa Aesthetics,delhi,Dermatologist,15,1500.0,92.0,216,Practo,0,0,1,0
Dr. Deepali Bhardwaj,Centre For Skin and Hair Pvt Ltd,delhi,Dermatologist,20,1700.0,88.0,350,Practo,0,0,1,0
Dr. Amit Baranwal,Dental Cure Dental N Implant Centre,delhi,Dentist,27,500.0,95.0,173,Practo,0,0,0,0
Dr. Kanu Verma,Aastha Medicare,delhi,Dermatologist,24,800.0,92.0,338,Practo,0,0,1,0
Dr. Radhika Sahni,Dr. Sahni's Dental Clinic,delhi,Dentist,30,1000.0,98.0,355,Practo,0,0,1,0
Dr. Pankaj Rooprai,Dentistry Futura & Implant Centre,delhi,Dentist,33,500.0,87.0,30,Practo,0,0,0,0
Dr. Rachna Solanki,Artize Clinic,delhi,Dentist,20,400.0,100.0,1184,Practo,0,0,1,0
Dr. Ashu Gupta,Kamal Dental Clinic,delhi,Dentist,30,1000.0,95.0,57,Practo,0,0,0,0
Dr. Ajay Kumar Singh,Tirupati Dental,delhi,Dentist,18,700.0,93.0,27,Practo,0,0,0,0
Dr. Chiranjiv Chhabra,Alive Wellness Clinics,delhi,Dermatologist,36,1500.0,61.0,28,Practo,0,1,0,0
Dr. Sachin Bansal,S.R Dental Implants & Braces Centre,delhi,Dentist,24,400.0,99.0,499,Practo,0,0,1,0
Dr. Vinay Singh,Vibrance Wellness Vista,delhi,Dermatologist,31,2000.0,91.0,803,Practo,1,0,1,0
Dr. Amrendra kumar,Dermaclinix,delhi,Dermatologist,19,2000.0,93.0,1221,Practo,1,0,1,0
Dr. Manisha Chopra,Derma Plus,delhi,Dermatologist,28,1200.0,96.0,449,Practo,0,0,1,0
Dr. Tapesh Sharma,Maxdermcare Skin And Laser Private Limited,delhi,Dermatologist,28,2000.0,97.0,3009,Practo,1,0,1,0
Dr. Nidhi Bansal,S.R Dental Implants & Braces Centre,delhi,Dentist,22,400.0,99.0,246,Practo,0,0,1,0
Dr. Prachi Gupta,Twacha Skin Clinic,delhi,Dermatologist,18,1500.0,87.0,22,Practo,0,0,0,0
Dr. Mudasir Khan,Lush Skin and Hair Clinic,delhi,Cosmetologist,32,900.0,92.0,154,Practo,0,0,0,0
Dr. Sunakshi Singh,Advance Dermatology & Hair Transplant Clinic,delhi,Dermatologist,17,1500.0,91.0,190,Practo,0,0,0,0
Dr. Urvashi Rooprai,Dentistry Futura & Implant Centre,delhi,Dentist,28,500.0,96.0,24,Practo,0,0,0,0
Dr. Kavish Chouhan,Dermaclinix,delhi,Dermatologist,19,2000.0,91.0,1402,Practo,1,0,1,0
Dr. Sumit Solanki,Artize Clinic,delhi,Dentist,17,500.0,100.0,110,Practo,0,0,0,0
Dr. Namrata Ghai,Sunshine Skin & Hair Clinic,delhi,Dermatologist,25,1000.0,86.0,74,Practo,0,0,0,0
Dr. Sourabh Nagpal,Matrix Dental & Skin Lounge,delhi,Dentist,21,500.0,98.0,1697,Practo,0,0,1,0
Dr. Prateek Sondhi,Derma Circles: Doctors from AIIMS,delhi,Dermatologist,17,1200.0,96.0,895,Practo,0,0,1,0
Dr. Manish Gupta,Kamal Dental Clinic,delhi,Dentist,32,1000.0,98.0,431,Practo,0,0,1,0
Dr. Naren Prakash,"Uncover Laser, Skin & Hair Clinic",delhi,Dermatologist,17,1000.0,98.0,111,Practo,0,0,0,0
Dr. Yachna Grover,Netrayatan Dr. Grovers Centre For Eye Care & Infertility,delhi,Infertility Specialist,34,1500.0,97.0,805,Practo,0,0,1,0
Dr. Rashmi Shriya,MASSH-Minimal Access Smart Surgery Hospital,delhi,Gynecologist/Obstetrician,17,1000.0,100.0,7,Practo,0,0,0,0
Dr. Vishal Grover,Netrayatan Dr. Grovers Centre For Eye Care & Infertility,delhi,Ophthalmologist,36,1500.0,97.0,2359,Practo,0,0,1,0
Dr. Yash Bhatia,Mata Roop Rani Maggo Hospital,delhi,Orthopedist,15,800.0,75.0,12,Practo,0,1,0,0
Dr. Ajit Kumar Talukdar,Jeewan Hospital Gate No. 1,delhi,Internal Medicine,41,700.0,100.0,1,Practo,0,0,0,0
Dr. Rajeev Gupta,Yatharth Super Speciality Hospital,delhi,Internal Medicine,34,1200.0,94.0,76,Practo,0,0,0,0
Dr. Himanshu Shekhar,SCI International Hospital,delhi,General Physician,20,1000.0,83.0,23,Practo,0,0,0,0
Dr. Rakesh Sharma,Jeewan Mala Hospital,delhi,General Physician,38,900.0,83.0,11,Practo,0,0,0,0
Dr. Pankaj Kumar,Jeewan Mala Hospital,delhi,General Physician,23,900.0,78.0,9,Practo,0,0,0,0
Dr. S K Bakshi,Aashlok Hospital,delhi,General Physician,44,1500.0,81.0,64,Practo,0,0,0,0
Dr. Vivek Mittal,Metro Hospital and Cancer Institute,delhi,Cardiologist,29,1500.0,96.0,142,Practo,0,0,0,0
Dr. Shubhra Gupta,Daffodils By Artemis At Spring Meadows,delhi,Internal Medicine,20,1000.0,91.0,34,Practo,0,0,0,0
Dr. Aditya Sharda,Park Hospital,delhi,General Physician,50,800.0,71.0,7,Practo,0,1,0,1
Dr. Chetan Kumar Gupta,Cronus Multispeciality Hospital,delhi,General Physician,27,800.0,66.0,60,Practo,0,1,0,0
Dr. Chandan Bhattacharya,ORL International Hospital,delhi,General Physician,37,1000.0,33.0,6,Practo,0,1,0,0
Dr. Alok Kumar Mishra,Park Hospital,delhi,General Physician,28,1000.0,96.0,24,Practo,0,0,0,0
Dr. Mohan Kalra,Daffodils By Artemis At Spring Meadows,delhi,Internal Medicine,46,1000.0,81.0,15,Practo,0,0,0,1
Dr. Kamleshwar Prasad Sinha,Jeewan hospital gate no 2,delhi,General Physician,30,800.0,50.0,2,Practo,0,1,0,0
Dr. Dheeraj Shamsukha,MGS Super Speciality Hospital,delhi,General Physician,18,1000.0,50.0,24,Practo,0,1,0,0
Dr. Sujeet Kaur Tuteja,Park Hospital,delhi,General Physician,25,1000.0,50.0,1,Practo,0,1,0,0
Dr. Pooja Goswami,Park Hospital,delhi,General Physician,22,1000.0,67.0,2,Practo,0,1,0,0
Dr. S.K. Tyagi,Tyagi Nursing Home,delhi,Internal Medicine,43,1500.0,74.0,34,Practo,0,1,0,0
Dr. Anil Kumar Lohia,Park Hospital,delhi,Radiologist,20,1000.0,96.0,24,Practo,0,0,0,0
Dr. K.Senthil Kumar,Tooth N Care Dental Clinic,chennai,Dentist,31,200.0,99.0,435,Practo,0,0,1,0
Dr. B J Barun,Dr. Barun's Multispeciality Dental Centre,chennai,Dentist,22,300.0,98.0,1695,Practo,0,0,1,0
Dr. M.Srikanth,Smile Solutions Family Dentistry,chennai,Dentist,25,400.0,98.0,1942,Practo,0,0,1,0
Dr. Kiruthika Asokan,Family Clinic,chennai,Dentist,22,450.0,100.0,1196,Practo,0,0,1,0
Dr. Poornima Srikanth,Smile Solutions Family Dentistry,chennai,Dentist,21,300.0,96.0,74,Practo,0,0,0,0
Dr. Nandhini Elumalai,SRM Prime Hospital,chennai,Gynecologist/Obstetrician,15,600.0,100.0,13,Practo,0,0,0,0
Dr. A Gunasekaran,Neuro Life Hospital,chennai,Neurologist,33,600.0,94.0,107,Practo,0,0,0,0
Dr. Jeysel Suraj,Suraj Hospital,chennai,General Physician,25,300.0,90.0,28,Practo,0,0,0,0
Dr. Sandhya S,Frontier Lifeline Hospital,chennai,Cardiologist,17,1000.0,96.0,25,Practo,0,0,0,0
Dr. A Joseph Navaseelan,SRM Prime Hospital,chennai,General Physician,50,500.0,100.0,13,Practo,0,0,0,1
Dr. Sathish Manivel,VS Hospitals,chennai,Plastic Surgeon,27,750.0,100.0,6,Practo,0,0,0,0
Dr. Srikanth Muralikrishnan,Kannapa Memorial Hospital,chennai,General Physician,30,800.0,100.0,3,Practo,0,0,0,0
Dr. A. Srinivasan,Narayanaa Hospital,chennai,General Physician,40,600.0,100.0,2,Practo,0,0,0,0
Dr. Chitra R,CFC Multispeciality Hospital,chennai,General Physician,26,1000.0,67.0,3,Practo,0,1,0,0
Dr. Sam Jacob,Frontier Lifeline Hospital,chennai,Cardiologist,17,1000.0,96.0,24,Practo,0,0,0,0
Dr. Sathyanarayan S A K V,Billroth Hospitals,chennai,General Physician,32,800.0,100.0,1,Practo,0,0,0,0
Dr. Mathu Soothanan,CFC Multispeciality Hospital,chennai,General Physician,22,1000.0,100.0,1,Practo,0,0,0,0
Dr. Hari Prasad,Kannapa Memorial Hospital,chennai,General Physician,21,800.0,96.0,24,Practo,0,0,0,0
Dr. Thirumanikandan,Kannapa Memorial Hospital,chennai,Oncologist,16,800.0,96.0,24,Practo,0,0,0,0
Dr. Senthil Kumar,CFC Multispeciality Hospital,chennai,General Physician,22,1000.0,96.0,24,Practo,0,0,0,0
Dr. Rajasekaran M,CFC Multispeciality Hospital,chennai,General Physician,17,1000.0,96.0,24,Practo,0,0,0,0
Dr. Ravindra Kumar,SRM Prime Hospital,chennai,General Physician,26,600.0,96.0,24,Practo,0,0,0,0
Dr. Natesan C,Sooriya Hospital - Vadapalani,chennai,Internal Medicine,59,500.0,100.0,3,Practo,0,0,0,1
Dr. Venkatraman S,Sooriya Hospital - Vadapalani,chennai,General Physician,47,1400.0,96.0,24,Practo,0,0,0,1
Dr. Suresh Kumar D,SRM Prime Hospital,chennai,Infectious Diseases Physician,29,750.0,67.0,3,Practo,0,1,0,0
Dr. Praveen Kumar Reddy,SRM Prime Hospital,chennai,General Physician,16,500.0,100.0,3,Practo,0,0,0,0
Dr. Santhosh Sampath,Dr. Rela Institute & Medical Centre,chennai,General Physician,19,600.0,96.0,24,Practo,0,0,0,0
Dr. Nancy Glory,Narayanaa Hospital,chennai,Pulmonologist,27,700.0,100.0,1,Practo,0,0,0,0
Dr. Tharun Ganapathy,Murugan Hospitals,chennai,Gynecologist/Obstetrician,18,950.0,96.0,24,Practo,0,0,0,0
Dr. J Vinaignan,Sooriya Hospital - Vadapalani,chennai,Ear-Nose-Throat (ENT) Specialist,26,800.0,87.0,14,Practo,0,0,0,0
Dr. Satish M Rao,Sooriya Hospital - Vadapalani,chennai,Nephrologist,46,1100.0,88.0,15,Practo,0,0,0,1
Dr. R Kannan,Prime Indian Hospitals,chennai,General Surgeon,31,500.0,89.0,62,Practo,0,0,0,0
Dr. U. Sanjay,Lifeline Rigid Hospitals,chennai,Ear-Nose-Throat (ENT) Specialist,35,600.0,96.0,351,Practo,0,0,1,0
Dr. S.S. Kumar,Astra Ortho N Spine Center,chennai,Spine Surgeon,33,600.0,96.0,889,Practo,0,0,1,0
Dr. C P Sreekumar,Sooriya Hospital - Vadapalani,chennai,General Surgeon,48,800.0,100.0,1,Practo,0,0,0,1
Dr. R.P.Shanmugam,RPS Hospitals,chennai,Gastroenterologist,56,300.0,95.0,152,Practo,0,0,0,1
Dr. Neelakandan,Dr. Rela Institute & Medical Centre,chennai,Urologist,19,800.0,92.0,191,Practo,0,0,0,0
Dr. G. Vezhaventhan,Saanvi Fertility Centre Urology and Stone Centre,chennai,Urologist,30,500.0,96.0,359,Practo,0,0,1,0
Dr. Selva Seetha Raman,Prime Indian Hospitals,chennai,Plastic Surgeon,23,800.0,94.0,36,Practo,0,0,0,0
Dr. J Jagadeesan,Chakra Critical Care Centre and Hospitals,chennai,Orthopedist,32,600.0,94.0,34,Practo,0,0,0,0
Dr. A.Sivakumar,VS Hospitals,chennai,Plastic Surgeon,33,1000.0,97.0,586,Practo,0,0,1,0
Dr. G Kumaragurubaran,Billroth Hospitals,chennai,Laparoscopic Surgeon,29,400.0,89.0,76,Practo,0,0,0,0
Dr. Sadhana Vezhaventhan,Saanvi Fertility Centre Urology and Stone Centre,chennai,Infertility Specialist,27,500.0,97.0,296,Practo,0,0,1,0
Dr. Tarakeshwari M,Billroth Hospitals,chennai,Gastroenterologist,23,500.0,84.0,63,Practo,0,0,0,0
Dr. Varadarajulu Reddy Gadi,Billroth Hospitals,chennai,Pediatrician,55,500.0,96.0,52,Practo,0,0,0,1
Dr. Omer Sheriff,Meridian Hospital,chennai,Orthopedist,26,400.0,93.0,45,Practo,0,0,0,0
Dr. K. Velmurugan,Prime Indian Hospitals,chennai,Orthopedist,24,500.0,94.0,77,Practo,0,0,0,0
Dr. P Krishnamma,Noble Hospital,chennai,Gynecologist/Obstetrician,51,500.0,83.0,24,Practo,0,0,0,1
Dr. Prof. S Sundar,VS Hospitals,chennai,Orthopedist,34,1000.0,89.0,18,Practo,0,0,0,0
Dr. Lakshmi Devarajan,Billroth Hospitals,chennai,Gynecologist/Obstetrician,54,650.0,81.0,20,Practo,0,0,0,1
Dr. Jyotirmaya Dash,Sooriya Hospital - Nungambakkam,chennai,Cardiologist,28,1200.0,100.0,99,Practo,0,0,0,0
Dr. P Sathish,Sooriya Hospital - Vadapalani,chennai,Laparoscopic Surgeon,33,1000.0,100.0,2,Practo,0,0,0,0
Dr. Lakshmy S,Leela Eye Clinic,chennai,Ophthalmologist,29,600.0,100.0,18,Practo,0,0,0,0
Dr. Rajiv Sreekumar,Sooriya Hospital - Vadapalani,chennai,Gynecologist/Obstetrician,19,800.0,100.0,24,Practo,0,0,0,0
Dr. Prof D Suresh Kumar,VS Hospitals,chennai,Oncologist,27,1000.0,88.0,7,Practo,0,0,0,0
Dr. J Pablo Neruda,Billroth Hospitals,chennai,Plastic Surgeon,30,500.0,91.0,10,Practo,0,0,0,0
Dr. S.Samundi Sankari,Srushti Fertility Centre & Women's Hospital,chennai,Infertility Specialist,54,1000.0,93.0,1103,Practo,0,0,1,1
Dr. Srikanth R,Leela Eye Clinic,chennai,Ophthalmologist,20,700.0,99.0,566,Practo,0,0,1,0
Dr. Kumaran,Sooriya Hospital - Vadapalani,chennai,Endocrine Surgeon,29,1400.0,88.0,4,Practo,0,0,0,0
Dr. Barani Rathinavelu,VS Hospitals,chennai,Orthopedist,23,500.0,75.0,4,Practo,0,1,0,0
Dr. Asokan P,Vasan Eye Care Hospital,chennai,Ophthalmologist,42,400.0,88.0,7,Practo,0,0,0,0
Dr. T. Praveen Kumar,RPS Hospitals,chennai,Urologist,29,600.0,82.0,67,Practo,0,0,0,0
Dr. T Aarthi Latha,Meridian Hospital,chennai,Pediatrician,24,300.0,100.0,1,Practo,0,0,0,0
Dr. Senthil Kumar V S,Billroth Hospitals,chennai,Internal Medicine,26,400.0,100.0,10,Practo,0,0,0,0
Dr. Divya Sivaraman,Srushti Fertility Centre & Women's Hospital,chennai,Gynecologist/Obstetrician,23,800.0,95.0,236,Practo,0,0,1,0
Dr. Venugopal,Sooriya Hospital - Vadapalani,chennai,Pulmonologist,47,1800.0,100.0,3,Practo,1,0,0,1
Dr. Tarun J George,SRM Prime Hospital,chennai,Gastroenterologist,17,700.0,99.0,80,Practo,0,0,0,0
Dr. B. Padam Kumar,Billroth Hospital,chennai,General Surgeon,15,700.0,99.0,148,Practo,0,0,0,0
Dr. Srinath Vijayashekaran,Dr. Rela Institute & Medical Centre,chennai,Cardiothoracic Surgeon,32,800.0,100.0,1,Practo,0,0,0,0
Dr. L.Padmanabhan,Billroth Hospitals,chennai,Oncologist,38,750.0,100.0,1,Practo,0,0,0,0
Dr. Vivekanandan,RPS Hospitals,chennai,General Surgeon,29,500.0,67.0,3,Practo,0,1,0,0
Dr. Saritha Damodaran,Billroth Hospitals,chennai,Oncologist,26,500.0,98.0,49,Practo,0,0,0,0
Dr. Balaji P S,Billroth Hospital,chennai,Orthopedist,25,600.0,100.0,3,Practo,0,0,0,0
Dr. Venkatesh M P,Dr Kumar's Speciality Hospital,chennai,Pediatrician,30,600.0,97.0,59,Practo,0,0,0,0
Dr. Maheswari D,Oasis Fertility,chennai,Infertility Specialist,19,800.0,100.0,5,Practo,0,0,0,0
Dr. M. Balu David,VS Hospitals,chennai,Oncologist,40,500.0,100.0,5,Practo,0,0,0,0
Dr. S. Nithya,VS Hospitals,chennai,Oncologist,15,2000.0,97.0,116,Practo,1,0,0,0
Dr. B.Pasupathy,RPS Hospitals,chennai,Orthopedist,36,500.0,93.0,13,Practo,0,0,0,0
Dr. G Sudhir,Sooriya Hospital - Vadapalani,chennai,Spine Surgeon,19,1300.0,100.0,1,Practo,0,0,0,0
Dr. Rajini,Billroth Hospitals,chennai,Infertility Specialist,37,1000.0,75.0,8,Practo,0,1,0,0
Dr. Sathyadharan. P,Astra Speciality Hospital,chennai,Orthopedist,22,600.0,96.0,477,Practo,0,0,1,0
Dr. Senthil Kumar R,SRM Prime Hospital,chennai,Oncologist,21,750.0,67.0,3,Practo,0,1,0,0
Dr. V. S. Ajay Chandrassekar,Noble Hospital,chennai,Oncologist,28,600.0,89.0,9,Practo,0,0,0,0
Dr. N. Malathy,V S Hospitals,chennai,Nephrologist,33,1000.0,96.0,24,Practo,0,0,0,0
Dr. Suresh Sankarasubbaiyan,VS Hospitals,chennai,Nephrologist,35,1000.0,85.0,8,Practo,0,0,0,0
Dr. Kaushik,Vasan Eye Care Hospital - Ambattur,chennai,Ophthalmologist,27,400.0,100.0,1,Practo,0,0,0,0
Dr. V Singaravadivelu,Noble Hospital,chennai,Orthopedist,38,750.0,96.0,47,Practo,0,0,0,0
Dr. S. Arulprakash,SRM Prime Hospital,chennai,Gastroenterologist,25,800.0,98.0,217,Practo,0,0,1,0
Dr. Ilayaraja Uthirapathy,Billroth Hospitals,chennai,Cardiologist,31,400.0,95.0,21,Practo,0,0,0,0
Dr. Visweswar Reddy,SRM Prime Hospital,chennai,Nephrologist,30,750.0,90.0,10,Practo,0,0,0,0
Dr. Suresh Anantharaj,Dr. Rela Institute & Medical Centre,chennai,Pulmonologist,35,1000.0,100.0,10,Practo,0,0,0,0
Dr. K Subramaniyan,SRM Prime Hospital,chennai,Neurologist,36,800.0,100.0,4,Practo,0,0,0,0
Dr. Balaji Ravilla Baskara,Noble Hospital,chennai,General Surgeon,27,250.0,97.0,93,Practo,0,0,0,0
Dr. Vinodh Kumar P,Billroth Hospitals,chennai,Cardiologist,21,450.0,94.0,16,Practo,0,0,0,0
Dr. M.S.Kalyan Kumar,Kannapa Memorial Hospital,chennai,General Surgeon,18,800.0,96.0,50,Practo,0,0,0,0
Dr. Nancy Anitha,Birla Fertility & IVF,chennai,Infertility Specialist,17,800.0,84.0,7,Practo,0,0,0,0
Dr. Balan Ashok Kumar,Billroth Hospitals,chennai,Ear-Nose-Throat (ENT) Specialist,16,450.0,100.0,4,Practo,0,0,0,0
Dr. Palaniappan,SRM Prime Hospital,chennai,Gynecologist/Obstetrician,34,600.0,100.0,2,Practo,0,0,0,0
Dr. Padma Priya B,Sri Srinivasa Hospital,chennai,Gynecologist/Obstetrician,22,500.0,86.0,22,Practo,0,0,0,0
Dr. S R Subrammaniyan,Billroth Hospitals,chennai,Vascular Surgeon,42,1000.0,92.0,11,Practo,0,0,0,0
Dr. Agni Raj R,Sri Srinivasa Hospital,chennai,Orthopedist,26,800.0,85.0,12,Practo,0,0,0,0
Dr. Chithra,Lakshya Fertility Centre,chennai,Gynecologist/Obstetrician,28,500.0,93.0,256,Practo,0,0,1,0
Dr. Sivaraj S M,Billroth Hospitals,chennai,GastroIntestinal Surgeon,30,550.0,77.0,13,Practo,0,0,0,0
Dr. M.Subramanian,Billroth Hospitals,chennai,GastroIntestinal Surgeon,47,650.0,100.0,13,Practo,0,0,0,1
Dr. Thejaswi N Marla,Sooriya Hospital - Vadapalani,chennai,Cardiac Surgeon,18,1000.0,100.0,2,Practo,0,0,0,0
Dr. Sankar Narayanan M L,Billroth Hospitals,chennai,GastroIntestinal Surgeon,18,550.0,100.0,6,Practo,0,0,0,0
Dr. Ganesh V,Vasan Eye Care,chennai,Ophthalmologist,15,400.0,100.0,2,Practo,0,0,0,0
Dr. Manjula S,Deepam Hospitals,chennai,Gynecologist/Obstetrician,38,650.0,86.0,27,Practo,0,0,0,0
Dr. Kalpana Bharani Kumar,Meridian Hospital,chennai,Pediatrician,27,500.0,98.0,295,Practo,0,0,1,0
Dr. N. Deen Mohamed Ismail,Lifeline Rigid Hospitals,chennai,Orthopedist,40,900.0,97.0,118,Practo,0,0,0,0
Dr. Dinesh Mohan Choudary,Meridian Hospital,chennai,Orthopedist,18,500.0,93.0,14,Practo,0,0,0,0
Dr. Arun Prakash,Murugan Hospitals,chennai,Orthopedist,22,400.0,91.0,45,Practo,0,0,0,0
Dr. Karthik Surya,CFC Multispeciality Hospital,chennai,Pediatric Cardiologist,20,1000.0,96.0,24,Practo,0,0,0,0
Dr. Arulalan M,SRM Prime Hospital,chennai,Ear-Nose-Throat (ENT) Specialist,16,600.0,100.0,3,Practo,0,0,0,0
Dr. Priya,Billroth Hospitals,chennai,Pediatrician,26,550.0,100.0,1,Practo,0,0,0,0
Dr. Lalitha Deivanayagam,Vasan Eye Care Hospital - Ambattur,chennai,Ophthalmologist,33,400.0,96.0,24,Practo,0,0,0,0
Dr. Ananthasamy,Deepam Hospitals,chennai,General Surgeon,39,800.0,100.0,2,Practo,0,0,0,0
Dr. Ilamparuthi,Lifeline Rigid Hospitals,chennai,Urologist,36,1000.0,100.0,25,Practo,0,0,0,0
Dr. Gobalakichenin M,V S Hospitals,chennai,General Surgeon,32,1000.0,100.0,1,Practo,0,0,0,0
Dr. Anuradha Sridhar,Frontier Lifeline Hospital,chennai,Pediatric Cardiologist,28,1000.0,100.0,1,Practo,0,0,0,0
Dr. Rajkumar Rathinasamy,Suraj Hospital,chennai,Gastroenterologist,26,800.0,87.0,59,Practo,0,0,0,0
Dr. Sarrath Rathnaraajan S,Sooriya Hospital - Nungambakkam,chennai,Ear-Nose-Throat (ENT) Specialist,15,1000.0,100.0,8,Practo,0,0,0,0
Dr. Radhiga G,Billroth Hospital,chennai,Gynecologist/Obstetrician,23,600.0,100.0,2,Practo,0,0,0,0
Dr. Rajmohan V M,Prime Indian Hospitals,chennai,Plastic Surgeon,27,500.0,100.0,1,Practo,0,0,0,0
Dr. Jayanth Vijayakumar,Laser and Laparoscopic Hospital,chennai,Vascular Surgeon,19,800.0,98.0,722,Practo,0,0,1,0
Dr. Aswani Latha,Meridian Hospital,chennai,Internal Medicine,17,500.0,96.0,24,Practo,0,0,0,0
Dr. R Premkumar,VS Hospitals,chennai,General Surgeon,39,850.0,100.0,5,Practo,0,0,0,0
Dr. C.Arunmozhi Varman,Dr. Rela Institute & Medical Centre,chennai,Laparoscopic Surgeon,18,800.0,67.0,3,Practo,0,1,0,0
Dr. Ashok,Sooriya Hospital - Nungambakkam,chennai,Internal Medicine,33,500.0,100.0,1,Practo,0,0,0,0
Dr. N. Nikath Nasreen,Lifeline Rigid Hospitals,chennai,Gynecologist/Obstetrician,16,900.0,85.0,26,Practo,0,0,0,0
Dr. Deiveegan K,RPS Hospitals,chennai,Neurosurgeon,33,800.0,88.0,8,Practo,0,0,0,0
Dr. R Jayaganesh,Billroth Hospital,chennai,Urologist,38,800.0,85.0,13,Practo,0,0,0,0
Dr. D.Surendar,Billroth Hospitals,chennai,Nephrologist,22,650.0,67.0,3,Practo,0,1,0,0
Dr. Ashok S Gavaskar,Dr. Rela Institute & Medical Centre,chennai,Orthopedist,24,600.0,97.0,167,Practo,0,0,0,0
Dr. Rajkumar Janaviculam Sankaran,Lifeline Rigid Hospitals,chennai,General Surgeon,40,700.0,86.0,14,Practo,0,0,0,0
Dr. Kalaiyarasan,Kannapa Memorial Hospital,chennai,Orthopedist,18,800.0,100.0,1,Practo,0,0,0,0
Dr. Prabhu,Hycare Hospitals,chennai,General Surgeon,19,500.0,100.0,1,Practo,0,0,0,0
Dr. Venkateshwar Ravisankar,Vasan Eye Care Hospital,chennai,Ophthalmologist,18,400.0,75.0,4,Practo,0,1,0,0
Dr. S. Saravanan,VS Hospitals,chennai,Oncologist,27,750.0,96.0,24,Practo,0,0,0,0
Dr. Narayanan V L,Hycare Hospitals,chennai,Orthopedist,18,600.0,100.0,3,Practo,0,0,0,0
Dr. Anisha Ashok,Laser and Laparoscopic Hospital,chennai,General Surgeon,20,800.0,93.0,472,Practo,0,0,1,0
Dr. Archana N,Vasan Eye Care Hospital,chennai,Ophthalmologist,17,400.0,100.0,1,Practo,0,0,0,0
Dr. N K Ganesh Prasad,SRM Prime Hospital,chennai,Nephrologist,35,750.0,100.0,5,Practo,0,0,0,0
Dr. Rachel R G,Vasan Eye Care Hospital,chennai,Ophthalmologist,15,400.0,96.0,24,Practo,0,0,0,0
Dr. Thomas George,SRM Prime Hospital,chennai,Internal Medicine,48,750.0,91.0,202,Practo,0,0,1,1
Dr. M Dinakaran,V S Hospitals,chennai,Cardiologist,26,1000.0,100.0,2,Practo,0,0,0,0
Dr. Rajan Babu,VS Hospitals,chennai,Gastroenterologist,27,800.0,60.0,5,Practo,0,1,0,0
Dr. Mohan,SRM Prime Hospital,chennai,Orthopedist,30,600.0,67.0,3,Practo,0,1,0,0
Dr. Elangovan,V S Hospitals,chennai,Cardiologist,29,1000.0,33.0,2,Practo,0,1,0,0
Dr. Shailaja Desai,"Dr. Desai Dermacare- Skin, Hair & Laser Clinic",pune,Cosmetologist,17,700.0,88.0,16,Practo,0,0,0,0
Dr. Komal Prakash Kamble,DENTAL SOLUTIONS,pune,Dentist,17,400.0,98.0,460,Practo,0,0,1,0
Dr. L K Desai,"Dr. Desai Dermacare- Skin, Hair & Laser Clinic",pune,Dermatologist,31,700.0,93.0,443,Practo,0,0,1,0
Dr. Amol Thorat Dinkar,Dr. Ratnika's - Smile Up Dental Clinic & Implant Center,pune,Dentist,26,300.0,86.0,27,Practo,0,0,0,0
Dr. Ratnika Agarwal,Dr. Ratnika's - Smile Up Dental Clinic & Implant Center,pune,Dentist,15,300.0,98.0,1010,Practo,0,0,1,0
Dr. Ganesh,Dental Tree,pune,Dentist,17,200.0,98.0,448,Practo,0,0,1,0
Dr. Ankush R. Agrawal,"Dentsee Dental Clinic, Laser and Implant Centre",pune,Dentist,21,400.0,96.0,234,Practo,0,0,1,0
Dr. Neelam Jaiswal,Smile Time Multispeciality Dental And Implant Centre,pune,Dentist,15,300.0,97.0,435,Practo,0,0,1,0
Dr. Mandar Ketkar,Dr. Ketkar Dental Clinic,pune,Dentist,29,600.0,99.0,495,Practo,0,0,1,0
Dr. Rohit Jethale,Dentalist - The Smile Experts,pune,Dentist,17,300.0,99.0,562,Practo,0,0,1,0
Dr. Mohan Nalawade,PURE SKIN-Skin Hair Laser Clinic,pune,Dermatologist,26,700.0,92.0,246,Practo,0,0,1,0
Dr. Mamta,Dentalist - The Smile Experts,pune,Dentist,16,199.0,93.0,1,Practo,0,0,0,0
Dr. Priyanka Agrawal,Dr. Thareja's 32 Perfect Dental Care,pune,Dentist,21,500.0,100.0,342,Practo,0,0,1,0
Dr. Umang Shah,The Dental Ethics,pune,Dentist,15,500.0,98.0,166,Practo,0,0,0,0
Dr. Swapnil K. Rachha,Soulful Dental Care,pune,Dentist,15,400.0,99.0,586,Practo,0,0,1,0
Dr. Irshad Chaudary,Dr. Ratnika's - Smile Up Dental Clinic & Implant Center,pune,Dentist,16,300.0,94.0,17,Practo,0,0,0,0
Dr. Hemant Patil,Laconic Dental Studio,pune,Dentist,19,500.0,93.0,1304,Practo,0,0,1,0
Dr. Kaustubh Patil,The Dental Solutions,pune,Dentist,17,500.0,99.0,326,Practo,0,0,1,0
Dr. Sachin Phadke,Phadke's Dental Clinic,pune,Dentist,27,300.0,99.0,391,Practo,0,0,1,0
Dr. Bharat Oswal,Dr. Bharat Oswal's Multispeciality Dental Clinic,pune,Dentist,40,200.0,100.0,30,Practo,0,0,0,0
Dr. Gautami Phadke,Dr. Phadke's Dental Clinic & Implant Centre,pune,Dentist,28,300.0,98.0,245,Practo,0,0,1,0
Dr. Prashant Bhangale,Dr. Bhangale's Dental Clinic,pune,Dentist,27,300.0,99.0,64,Practo,0,0,0,0
Dr. Priyanka Bansal,Benchmark Dental Clinic,pune,Dentist,17,400.0,98.0,198,Practo,0,0,0,0
Dr. Shruti Santosh Digholkar,Generations Dental,pune,Dentist,16,300.0,98.0,40,Practo,0,0,0,0
Dr. Neha A Agrawal,"Dentsee Dental Clinic, Laser and Implant Centre",pune,Dentist,20,400.0,97.0,30,Practo,0,0,0,0
Dr. Abhay Bhosale,Smile and Co. Multi Specialty Dental Clinic,pune,Dentist,16,299.0,100.0,134,Practo,0,0,0,0
Dr. Chetan Agarwal,Dr. Ratnika's - Smile Up Dental Clinic & Implant Center,pune,Dentist,15,300.0,83.0,6,Practo,0,0,0,0
Dr. Sandeep Bhirud,Dr. Bhirud's Sweet Smile Dental Clinic,pune,Dentist,37,500.0,98.0,953,Practo,0,0,1,0
Dr. Kirti Kadam,Laconic Dental Studio,pune,Dentist,26,500.0,96.0,24,Practo,0,0,0,0
Dr. Jyoti Bhirud,Dr. Bhirud's Sweet Smile Dental Clinic,pune,Dentist,31,500.0,97.0,345,Practo,0,0,1,0
Dr. Varsha Chopra,Benchmark Dental Clinic,pune,Dentist,17,400.0,100.0,3,Practo,0,0,0,0
Dr. Rahul Kathariya,Dental Galaxy,pune,Dentist,21,400.0,96.0,560,Practo,0,0,1,0
Dr. Apoorva Sahu,Dr Sahu’s Dental & Orthodontic Care,pune,Dentist,16,300.0,100.0,75,Practo,0,0,0,0
Dr. Amit Thareja,Dr. Thareja's 32 Perfect Dental Care,pune,Dentist,22,500.0,100.0,200,Practo,0,0,1,0
Dr. Pritam Dhoka,Enhance Centre For Dental Care And Orthodontics excellence.,pune,Dentist,21,500.0,98.0,615,Practo,0,0,1,0
Dr. Abhinav Misuriya,Saroj Dental Care Centre,pune,Dentist,21,400.0,96.0,249,Practo,0,0,1,0
Dr. Rashmi Singh Chauhan,Chauhan's Dental Care,pune,Dentist,21,700.0,93.0,124,Practo,0,0,0,0
Dr. Vivek Singh Chauhan,Chauhan's Dental Care,pune,Dentist,21,700.0,97.0,637,Practo,0,0,1,0
Dr. Shubhra Misuriya,Saroj Dental Care Centre,pune,Dentist,21,400.0,99.0,349,Practo,0,0,1,0
Dr. Rishikesh Parekh,Smile and Co. Multi Specialty Dental Clinic,pune,Dentist,17,300.0,67.0,3,Practo,0,1,0,0
Dr. Ravindra Chhajed,Ruby Hall Clinic,pune,General Physician,31,800.0,98.0,479,Practo,0,0,1,0
Dr. N.M. Rao,Lotus Multispeciality Hospital,pune,General Physician,44,1000.0,69.0,11,Practo,0,1,0,0
Dr. Harish Keswani,Ruby Hall Clinic,pune,Orthopedist,40,900.0,96.0,24,Practo,0,0,0,0
Dr. Kote Shrikant Subhash,Lifepoint Multispeciality Hospital,pune,General Physician,17,950.0,96.0,24,Practo,0,0,0,0
Dr. Rizwan Malik,Medicover Hospital,pune,General Physician,15,500.0,82.0,11,Practo,0,0,0,0
Dr. Rameshwar Hudekar,Sunmed Hospital,pune,General Physician,20,700.0,89.0,9,Practo,0,0,0,0
Dr. Lata Patil,Ruby Hall Clinic,pune,General Physician,37,800.0,96.0,24,Practo,0,0,0,0
Dr. Pramod Jagtap,Ruby Hall Clinic,pune,General Physician,36,800.0,96.0,24,Practo,0,0,0,0
Dr. Chandiwal Minish Mahendra,Ruby Hall Clinic,pune,General Physician,35,900.0,96.0,24,Practo,0,0,0,0
Dr. Rahul Kallianpur,Aditya Birla Memorial Hospital,pune,Pediatrician,32,800.0,98.0,457,Practo,0,0,1,0
Dr. Varshali Mali,Lifepoint Multispeciality Hospital,pune,Gynecologist/Obstetrician,21,950.0,98.0,248,Practo,0,0,1,0
Dr. Nikhil S. Parwate,Aditya Birla Memorial Hospital,pune,Gynecologist/Obstetrician,26,1000.0,100.0,55,Practo,0,0,0,0
Dr. Purandare Mayur,Lifepoint Multispeciality Hospital,pune,Orthopedist,20,950.0,89.0,170,Practo,0,0,0,0
Dr. Shivdarshan Agarwal,Lotus Multispeciality Hospital,pune,Orthopedist,28,1000.0,95.0,793,Practo,0,0,1,0
Dr. Pankaj Kshirsagar,Aditya Birla Memorial Hospital,pune,Oncologist,22,1000.0,90.0,10,Practo,0,0,0,0
Dr. Manish Mali,Aditya Birla Memorial Hospital,pune,Nephrologist,21,1000.0,64.0,14,Practo,0,1,0,0
Dr. Abhijit Ranaware,Noble Hospital,pune,Orthopedist,17,700.0,73.0,10,Practo,0,1,0,0
Dr. Nilesh R. Palasdeokar,Ruby Hall Clinic,pune,Neurologist,22,1200.0,97.0,287,Practo,0,0,1,0
Dr. Mithil Patil,Ashwini Hospital & Fertility Clinics,pune,Infertility Specialist,24,600.0,94.0,126,Practo,0,0,0,0
Dr. Kishore Pandit,Gynaeworld Hospital,pune,Gynecologist/Obstetrician,29,1400.0,99.0,352,Practo,0,0,1,0
Dr. Sushila Netravali,Aditya Birla Memorial Hospital,pune,Gynecologist/Obstetrician,17,1000.0,85.0,27,Practo,0,0,0,0
Dr. Nikhil V. Rishikeshi,Dr. Agarwal's Eye Hospital,pune,Ophthalmologist,28,1000.0,97.0,114,Practo,0,0,0,0
Dr. Baban C Dolas,Dr Agarwals Eye Hospital,pune,Ophthalmologist,29,500.0,72.0,45,Practo,0,1,0,0
Dr. Zope Shirish Vasant,Lifepoint Multispeciality Hospital,pune,Orthopedist,24,900.0,50.0,35,Practo,0,1,0,0
Dr. Abhijeet Karad,Aditya Birla Memorial Hospital,pune,Gastroenterologist,15,800.0,100.0,2,Practo,0,0,0,0
Dr. Sandip Bartakke,Aditya Birla Memorial Hospital,pune,Pediatric Hematologic-Oncologist,30,1000.0,82.0,11,Practo,0,0,0,0
Dr. Aniket Patil,Noble Hospital,pune,Orthopedist,22,700.0,96.0,851,Practo,0,0,1,0
Dr. Akash Tatiya,Aditya Birla Memorial Hospital,pune,Orthopedist,18,1000.0,100.0,1,Practo,0,0,0,0
Dr. Wategaonkar Ravikumar Narayan,Aditya Birla Memorial Hospital,pune,Oncologist,15,1000.0,96.0,26,Practo,0,0,0,0
Dr. Rushabh Karnawat,Phoenix Hospital,pune,Gynecologist/Obstetrician,16,600.0,95.0,60,Practo,0,0,0,0
Dr. Hemant Prakash Palkar,Aditya Birla Memorial Hospital,pune,Pediatrician,24,800.0,100.0,8,Practo,0,0,0,0
Dr. Snehal Wakchaure,Dr Agarwals Eye Hospital,pune,Ophthalmologist,19,500.0,91.0,63,Practo,0,0,0,0
Dr. Meenu Agarwal,Noble Hospital,pune,Infertility Specialist,39,1000.0,91.0,86,Practo,0,0,0,0
Dr. Murtaza Adeeb,Noble Hospital,pune,Orthopedist,29,800.0,100.0,3,Practo,0,0,0,0
Dr. Anjendra R Targe,GAIA BODY-MIND-SOUL CLINIC,pune,Psychiatrist,21,2500.0,98.0,780,Practo,1,0,1,0
Dr. Pankaj B Borade,Dr Pankaj Borade - Mind Matters Clinic,pune,Psychiatrist,17,2000.0,94.0,393,Practo,1,0,1,0
Dr. Yogesh Agrawal,Lifepoint Multispeciality Hospital,pune,Pulmonologist,23,950.0,76.0,83,Practo,0,1,0,0
Dr. Abhijit Lonari,Aditya Birla Memorial Hospital,pune,Orthopedist,26,1100.0,100.0,1,Practo,0,0,0,0
Dr. Praful Rawate,Aditya Birla Memorial Hospital,pune,Orthopedist,15,1000.0,86.0,29,Practo,0,0,0,0
Dr. Pankaj Asawa,Dr. Agarwal's Eye Hospital,pune,Ophthalmologist,34,600.0,87.0,51,Practo,0,0,0,0
Dr. Vishal Patil,Lifepoint Multispeciality Hospital,pune,Orthopedist,21,950.0,90.0,49,Practo,0,0,0,0
Dr. Abhay Somani,Ruby Hall Clinic,pune,Cardiologist,27,1200.0,92.0,143,Practo,0,0,0,0
Dr. Abhijit A Whatkar,Noble Hospital,pune,General Surgeon,17,800.0,99.0,188,Practo,0,0,0,0
Dr. Shrirang Kulkarni,Medicover Hospital,pune,Orthopedist,27,500.0,92.0,78,Practo,0,0,0,0
Dr. Nandkishor Raut,Aditya Birla Memorial Hospital,pune,Urologist,10,1000.0,96.0,24,Practo,0,0,0,0
Dr. Sonali Chaudhari,Lotus Multispeciality Hospital,pune,Infertility Specialist,25,1100.0,89.0,154,Practo,0,0,0,0
Dr. Sambharam Arti Dattatraya,Cloudnine Fertility - IVF Centre,pune,Infertility Specialist,26,1000.0,100.0,191,Practo,0,0,0,0
Dr. Ashish Pokharkar,Noble Hospital,pune,Oncologist,22,700.0,87.0,15,Practo,0,0,0,0
Dr. Vaishali Bafna,Aditya Birla Memorial Hospital,pune,Ear-Nose-Throat (ENT) Specialist,28,1000.0,100.0,6,Practo,0,0,0,0
Dr. Anand Palimkar,Dr Agarwals Eye Hospital,pune,Ophthalmologist,29,600.0,96.0,694,Practo,0,0,1,0
Dr. Metta Padma Lakshmi,Dr. Agarwal's Eye Hospital,pune,Ophthalmologist,29,600.0,77.0,14,Practo,0,0,0,0
Dr. Piyush Jain,ASG Eye Hospital,pune,Ophthalmologist,19,500.0,97.0,37,Practo,0,0,0,0
Dr. Jagdish Shinde,Aditya Birla Memorial Hospital,pune,Oncologist,20,1000.0,96.0,24,Practo,0,0,0,0
Dr. Rakesh Neve,Lifepoint Multispeciality Hospital,pune,Laparoscopic Surgeon,31,1500.0,67.0,3,Practo,0,1,0,0
Dr. Vishal Chaudhari,Noble Hospital,pune,Orthopedist,20,850.0,56.0,8,Practo,0,1,0,0
Dr. Santosh Sidid,Noble Hospital,pune,Gynecologist/Obstetrician,36,850.0,100.0,2,Practo,0,0,0,0
Dr. Priya Mankare,Aditya Birla Memorial Hospital,pune,Pediatrician,31,800.0,100.0,2,Practo,0,0,0,0
Dr. Nilesh Unmesh Balkawade,Oasis Fertility,pune,Gynecologist/Obstetrician,18,800.0,93.0,40,Practo,0,0,0,0
Dr. Radhe Shyam Chaudhari,Aditya Birla Memorial Hospital,pune,Urologist,17,1000.0,75.0,4,Practo,0,1,0,0
Dr. Avinash Ignatius,Ruby Hall Clinic,pune,Nephrologist,25,900.0,88.0,26,Practo,0,0,0,0
Dr. Abhimanyu Sengupta,Ankura Hospital For Women and Children,pune,Pediatrician,36,700.0,65.0,23,Practo,0,1,0,0
Dr. Bahar Khan,Noble Hospital,pune,Gynecologist/Obstetrician,32,750.0,100.0,9,Practo,0,0,0,0
Dr. Kumar Raushan,Aditya Birla Memorial Hospital,pune,General Surgeon,18,800.0,100.0,1,Practo,0,0,0,0
Dr. Sujit Sawadatkar,Noble Hospital,pune,Cardiologist,22,950.0,75.0,3,Practo,0,1,0,0
Dr. Tushar Anil Warke,Aditya Birla Memorial Hospital,pune,Internal Medicine,18,1000.0,100.0,2,Practo,0,0,0,0
Dr. Ashish Kumar Shrivastav,Devi Ratna Multispeciality Hospital,pune,Laparoscopic Surgeon,26,1000.0,88.0,17,Practo,0,0,0,0
Dr. Prashant Kedari,Jeevan Jyoti Superspeciality Hospital,pune,General Surgeon,27,1200.0,88.0,4,Practo,0,0,0,0
Dr. Pushpa Otiv,Ruby Hall Clinic,pune,Gynecologist/Obstetrician,44,700.0,100.0,1,Practo,0,0,0,0
Dr. Madhulika Singh,Ankura Hospital For Women and Children,pune,Gynecologist/Obstetrician,27,1000.0,95.0,64,Practo,0,0,0,0
Dr. Manoj M.Bauskar,Ruby Hall Clinic,pune,Ear-Nose-Throat (ENT) Specialist,25,800.0,90.0,182,Practo,0,0,0,0
Dr. Seema Jain,Cloudnine Fertility - IVF Centre,pune,Infertility Specialist,31,1000.0,93.0,1702,Practo,0,0,1,0
Dr. Amrut Oswal,Pawar Multispeciality Hospital,pune,Orthopedist,45,1200.0,50.0,5,Practo,0,1,0,1
Dr. Ashutosh Sabnis,Pawar Multispeciality Hospital,pune,Spine Surgeon,23,1300.0,100.0,38,Practo,0,0,0,0
Dr. Yogesh Bade,Aditya Birla Memorial Hospital,pune,Gastroenterologist,16,800.0,67.0,3,Practo,0,1,0,0
Dr. Gopal Rathi,Ruby Hall Clinic,pune,Urologist,19,1200.0,90.0,10,Practo,0,0,0,0
Dr. Sameer Badami,Ruby Hall Clinic,pune,General Surgeon,29,700.0,100.0,51,Practo,0,0,0,0
Dr. Nudrat Kamal,Noble Hospital,pune,Ear-Nose-Throat (ENT) Specialist,16,700.0,83.0,11,Practo,0,0,0,0
Dr. Molshri Misra,Aditya Birla Memorial Hospital,pune,Gynecologist/Obstetrician,16,800.0,100.0,54,Practo,0,0,0,0
Dr. Ajita Pralhad Kendre,Aditya Birla Memorial Hospital,pune,Oncologist,19,1000.0,96.0,24,Practo,0,0,0,0
Dr. Nitin dalaya,Nityanand Rehabilitation Centre,pune,Psychiatrist,32,1500.0,99.0,134,Practo,0,0,0,0
Dr. Afshan Maniyar,Ruby Hall Clinic,pune,Gynecologist/Obstetrician,22,700.0,95.0,62,Practo,0,0,0,0
Dr. Soniya Pawar,Pawar Multispeciality Hospital,pune,Gynecologist/Obstetrician,33,800.0,80.0,19,Practo,0,0,0,0
Dr. Suhas Mondhe,Wisdom Super Speciality Hospital,pune,Nephrologist,20,1000.0,83.0,5,Practo,0,0,0,0
Dr. Abhijit Baheti,Ruby Hall Clinic,pune,Hematologist,16,1100.0,96.0,24,Practo,0,0,0,0
Dr. Shweta Pandya,Jeevan Jyoti Superspeciality Hospital,pune,Gynecologist/Obstetrician,16,1000.0,100.0,7,Practo,0,0,0,0
Dr. Vidita Powle,Aditya Birla Memorial Hospital,pune,General Surgeon,16,1000.0,96.0,24,Practo,0,0,0,0
Dr. Kundan Kharde,Sharvari Hospital,pune,General Surgeon,19,1000.0,95.0,87,Practo,0,0,0,0
Dr. Chaitanya Waghchoure,Noble Hospital,pune,Orthopedist,18,700.0,100.0,7,Practo,0,0,0,0
Dr. Aparna Kodre,Noble Hospital,pune,Internal Medicine,27,800.0,96.0,24,Practo,0,0,0,0
Dr. Harshvardhan Chaukulkar,Ruby Hall Clinic,pune,Laparoscopic Surgeon,18,800.0,94.0,52,Practo,0,0,0,0
Dr. Sandhya Meshram,Cloudnine Fertility - IVF Centre,pune,Gynecologist/Obstetrician,17,1000.0,100.0,1,Practo,0,0,0,0
Dr. Aniruddha Tembe,Aditya Birla Memorial Hospital,pune,Internal Medicine,24,1000.0,88.0,16,Practo,0,0,0,0
Dr. Anand Yannawar,Medicover Hospital,pune,Pulmonologist,22,1000.0,94.0,128,Practo,0,0,0,0
Dr. Sandesh Surana,Pawar Multispeciality Hospital,pune,Urologist,26,1500.0,75.0,4,Practo,0,1,0,0
Dr. Vishal Bhasme,Ruby Hall Clinic,pune,Neurosurgeon,23,1100.0,82.0,11,Practo,0,0,0,0
Dr. Kirti Joglekar,Gynaeworld Hospital,pune,Gynecologist/Obstetrician,47,2000.0,100.0,38,Practo,1,0,0,1
Dr. Narendra Chopde,Ruby Hall Clinic,pune,Bariatric Surgeon,19,900.0,100.0,10,Practo,0,0,0,0
Dr. Kasat Mayur Shivdas,Ruby Hall Clinic,pune,Orthopedist,22,700.0,100.0,88,Practo,0,0,0,0
Dr. Hemant Kamble,ASG Eye Hospital,pune,Ophthalmologist,19,1000.0,63.0,7,Practo,0,1,0,0
Dr. Pravin Waghmare,Jeevan Jyoti Superspeciality Hospital,pune,Orthopedist,20,1200.0,95.0,87,Practo,0,0,0,0
Dr. Sudhir Baburdikar,Dr. Agarwal's Eye Hospital,pune,Ophthalmologist,27,600.0,100.0,18,Practo,0,0,0,0
Dr. Lalit Banswal,Noble Hospital,pune,General Surgeon,18,700.0,100.0,2,Practo,0,0,0,0
Dr. Sandeep S Morkhandikar,Ruby Hall Clinic,pune,Nephrologist,19,900.0,100.0,20,Practo,0,0,0,0
Dr. Meghana Rahul Argade,Gynaeworld Hospital,pune,Gynecologist/Obstetrician,27,1000.0,95.0,22,Practo,0,0,0,0
Dr. Mahesh Sampat Kharade,Lifepoint Multispeciality Hospital,pune,Cardiologist,16,1500.0,100.0,4,Practo,0,0,0,0
Dr. Shama Shaikh,Ruby Hall Clinic,pune,General Surgeon,24,700.0,64.0,14,Practo,0,1,0,0
Dr. Sana Ahmed Sayyad,Ruby Hall Clinic,pune,Orthopedist,15,800.0,33.0,3,Practo,0,1,0,0
Dr. Kailas Mohanrao Jorule,Aditya Birla Memorial Hospital,pune,Orthopedist,16,800.0,96.0,24,Practo,0,0,0,0
Dr. R K Chopra,Ruby Hall Clinic,pune,Pulmonologist,40,900.0,67.0,3,Practo,0,1,0,0
Dr. Kedar Pratap Patil,Ruby Hall Clinic,pune,Bariatric Surgeon,21,1100.0,100.0,19,Practo,0,0,0,0
Dr. Sonal Ashok Erole,Dr Agarwals Eye Hospital,pune,Ophthalmologist,18,500.0,86.0,7,Practo,0,0,0,0
Dr. Nitin Pawar,Pawar Multispeciality Hospital,pune,General Surgeon,40,800.0,67.0,3,Practo,0,1,0,0
Dr. Gaikwad Ramesh Ranganath,Cloudnine Fertility - IVF Centre,pune,Infertility Specialist,22,1000.0,96.0,24,Practo,0,0,0,0
Dr. Pranav Jadhav,Noble Hospital,pune,Pediatric Surgeon,33,1000.0,78.0,9,Practo,0,0,0,0
Dr. Vijay Parbatani,Dr. Parbatani's Eye Laser Centre,pune,Ophthalmologist,26,700.0,93.0,330,Practo,0,0,1,0
Dr. Prasad,Medicover Hospital,pune,Internal Medicine,22,750.0,50.0,2,Practo,0,1,0,0
Dr. Nitin Kolte,Poona Eye Care Pvt Ltd,pune,Ophthalmologist,26,700.0,100.0,2,Practo,0,0,0,0
Dr. Seema Joshi,Ankura Hospital For Women and Children,pune,Pediatrician,26,900.0,89.0,27,Practo,0,0,0,0
Dr. Karishma Dafle,Cloudnine Fertility - IVF Centre,pune,Infertility Specialist,16,1000.0,100.0,28,Practo,0,0,0,0
Dr. Suraj Chavan,Wisdom Super Speciality Hospital,pune,Cardiac Surgeon,25,1000.0,96.0,24,Practo,0,0,0,0
Dr. Yuvaraj Bhosale,Jeevan Jyoti Superspeciality Hospital,pune,Cardiologist,21,1200.0,96.0,24,Practo,0,0,0,0
Dr. Pravin Bhosale,Ruby Hall Clinic,pune,Ear-Nose-Throat (ENT) Specialist,32,800.0,100.0,11,Practo,0,0,0,0
Dr. Vikram Satav,Noble Hospital,pune,Urologist,28,850.0,75.0,8,Practo,0,1,0,0
Dr. Ashish S Khanijo,Ruby Hall Clinic,pune,Cardiothoracic Surgeon,35,1200.0,96.0,24,Practo,0,0,0,0
Dr. Deepali Shivajirao,"Cloudnine Fertility - IVF Centre, Kalyani Nagar",pune,Infertility Specialist,23,1000.0,96.0,24,Practo,0,0,0,0
Dr. Kedar Marathe,Ankura Hospital For Women and Children,pune,Gynecologist/Obstetrician,21,1000.0,70.0,23,Practo,0,1,0,0
Dr. Sani Dole,Golden Care Hospital,pune,Orthopedist,17,500.0,70.0,11,Practo,0,1,0,0
Dr. Shailesh S Patil,Noble Hospital,pune,Orthopedist,26,700.0,67.0,6,Practo,0,1,0,0
Dr. Sujit Kadrekar,Pawar Multispeciality Hospital,pune,Orthopedist,17,1300.0,96.0,24,Practo,0,0,0,0
Dr. Sonam Shinde,Medicover Hospital,pune,Cardiologist,18,1000.0,79.0,14,Practo,0,0,0,0
Dr. Ashraf Khan,Ruby Hall Clinic,pune,Orthopedist,23,800.0,100.0,2,Practo,0,0,0,0
Dr. Gaurav Ganeshwala,Ruby Hall Clinic,pune,Cardiologist,19,900.0,96.0,24,Practo,0,0,0,0
Dr. Janitha Gilbert,Ruby Hall Clinic,pune,Pediatrician,17,700.0,100.0,1,Practo,0,0,0,0
Dr. Anup Ashok Sadafale,ASG Eye Hospital,pune,Ophthalmologist,18,500.0,96.0,24,Practo,0,0,0,0
Dr. Shrikant Ghanwat,Medicover Hospital,pune,General Surgeon,15,800.0,96.0,24,Practo,0,0,0,0
Dr. Mahesh Jadhav,Golden Care Hospital,pune,Internal Medicine,15,500.0,50.0,4,Practo,0,1,0,0
Dr. Marya Patil,Ruby Hall Clinic,pune,Gynecologist/Obstetrician,56,700.0,96.0,24,Practo,0,0,0,1
Dr. B R Kilawat,Sunmed Hospital,pune,Pediatrician,18,700.0,96.0,24,Practo,0,0,0,0
Dr. Prashant Sadashiv Shinde,Medicover Hospital,pune,Cardiologist,20,1000.0,100.0,5,Practo,0,0,0,0
Dr. Kokadwar Ganesh Vasant Rao,Wisdom Super Speciality Hospital,pune,Gynecologist/Obstetrician,22,800.0,96.0,24,Practo,0,0,0,0
Dr. Shaikh Aarofil Israil,ASG Eye Hospital,kolkata,Ophthalmologist,23,500.0,33.0,8,Practo,0,1,0,0
Dr. Chayan Kumar Roy,Techno India Dama Healthcare & Medical Centre,kolkata,General Physician,31,700.0,64.0,11,Practo,0,1,0,0
Dr. Koushik Basu,Techno India Dama Healthcare & Medical Centre,kolkata,General Physician,24,800.0,96.0,24,Practo,0,0,0,0
Dr. Shambhu Vishal,Techno India Dama Healthcare & Medical Centre,kolkata,General Physician,17,600.0,88.0,33,Practo,0,0,0,0
Dr. Ranjit Kumar Halder,Samaritan Clinic Private Limited,kolkata,General Physician,26,1500.0,96.0,24,Practo,0,0,0,0
Dr. Utpal Chaudhuri,Techno India Dama Healthcare & Medical Centre,kolkata,General Physician,48,1000.0,100.0,1,Practo,0,0,0,1
Dr. Arka Chatterjee,Techno India Dama Healthcare & Medical Centre,kolkata,General Physician,17,500.0,96.0,24,Practo,0,0,0,0
Dr. Shiv Krishna Mitra,Samaritan Clinic Private Limited,kolkata,General Physician,16,1500.0,96.0,24,Practo,0,0,0,0
Dr. Gaurav Priyadarshan,Sl Artemis Medical Centre Pvt Ltd,kolkata,General Surgeon,15,1200.0,100.0,4,Practo,0,0,0,0
Dr. Himanshu Shekhar,ASG Eye Hospital,kolkata,Ophthalmologist,21,400.0,83.0,17,Practo,0,0,0,0
Dr. Koushik Basu,ASG Eye Hospital,kolkata,Ophthalmologist,17,500.0,88.0,7,Practo,0,0,0,0
Dr. Debasish Ghosh,Sl Artemis Medical Centre Pvt Ltd,kolkata,Ear-Nose-Throat (ENT) Specialist,25,1500.0,90.0,10,Practo,0,0,0,0
Dr. Gautam Gupta,Techno India Dama Healthcare & Medical Centre,kolkata,Orthopedist,17,850.0,75.0,11,Practo,0,1,0,0
Dr. Kalyan Das,Samaritan Clinic Private Limited,kolkata,Plastic Surgeon,24,1500.0,100.0,3,Practo,0,0,0,0
Dr. Bidisha Roy Choudhury,Sl Artemis Medical Centre Pvt Ltd,kolkata,Gynecologist/Obstetrician,19,1200.0,91.0,35,Practo,0,0,0,0
Dr. Gopal Bandyopadhyay,ASG Eye Hospital,kolkata,Ophthalmologist,22,400.0,50.0,7,Practo,0,1,0,0
Dr. Sunil Jalan,Sl Artemis Medical Centre Pvt Ltd,kolkata,Ear-Nose-Throat (ENT) Specialist,22,1500.0,98.0,267,Practo,0,0,1,0
Dr. Arnab Sadhukhan,ASG Eye Hospital,kolkata,Ophthalmologist,19,500.0,57.0,22,Practo,0,1,0,0
Dr. Atanu Barh,ASG Eye Hospital,kolkata,Ophthalmologist,17,500.0,67.0,6,Practo,0,1,0,0
Dr. Chinmoy Biswas,Sl Artemis Medical Centre Pvt Ltd,kolkata,Orthopedist,30,1400.0,50.0,2,Practo,0,1,0,0
Dr. Amlan Chakraborty,Samaritan Clinic Private Limited,kolkata,General Surgeon,26,2000.0,88.0,26,Practo,1,0,0,0
Dr. Debabrata Mitra,Techno India Dama Healthcare & Medical Centre,kolkata,Internal Medicine,31,900.0,100.0,1,Practo,0,0,0,0
Dr. Amit Kumar Dutta,Techno India Dama Healthcare & Medical Centre,kolkata,General Surgeon,27,1000.0,100.0,1,Practo,0,0,0,0
Dr. Pallab Saha,Sl Artemis Medical Centre Pvt Ltd,kolkata,General Surgeon,28,1300.0,100.0,1,Practo,0,0,0,0
Dr. Ritwik Ganguli,Sl Artemis Medical Centre Pvt Ltd,kolkata,Orthopedist,17,1500.0,76.0,24,Practo,0,1,0,0
Dr. Debmalya Maity,Sl Artemis Medical Centre Pvt Ltd,kolkata,Gynecologist/Obstetrician,21,1500.0,33.0,3,Practo,0,1,0,0
Dr. Prasenjit Bhattacharya,Samaritan Clinic Private Limited,kolkata,General Surgeon,18,1600.0,83.0,6,Practo,0,0,0,0
Dr. Arindam Dutta,Sl Artemis Medical Centre Pvt Ltd,kolkata,Urologist,25,1500.0,67.0,5,Practo,0,1,0,0
Dr. Souvik Chatterjee,Samaritan Clinic Private Limited,kolkata,Urologist,20,1500.0,88.0,8,Practo,0,0,0,0
Dr. Mainak Pal,Samaritan Clinic Private Limited,kolkata,General Surgeon,18,1300.0,96.0,24,Practo,0,0,0,0
Dr. Rajeev Raman,Techno India Dama Healthcare & Medical Centre,kolkata,Orthopedist,23,1000.0,60.0,10,Practo,0,1,0,0
Dr. Anindita Bhar,Sl Artemis Medical Centre Pvt Ltd,kolkata,General Surgeon,26,1200.0,70.0,10,Practo,0,1,0,0
Dr. Debtanu Bhattacharya,Sl Artemis Medical Centre Pvt Ltd,kolkata,General Surgeon,30,1200.0,100.0,1,Practo,0,0,0,0
Dr. Achintya Kumar,Sl Artemis Medical Centre Pvt Ltd,kolkata,General Surgeon,32,1500.0,96.0,24,Practo,0,0,0,0
Dr. Rahul Dhar,Sl Artemis Medical Centre Pvt Ltd,kolkata,General Surgeon,15,1500.0,100.0,5,Practo,0,0,0,0
Dr. Nilanjan Mitra,Samaritan Clinic Private Limited,kolkata,Urologist,22,1500.0,89.0,37,Practo,0,0,0,0
Dr. Shiv Ratan Pathak,Samaritan Clinic Private Limited,kolkata,Gastroenterologist,15,1500.0,100.0,3,Practo,0,0,0,0
Dr. Pariksha Mehta,Sl Artemis Medical Centre Pvt Ltd,kolkata,Ear-Nose-Throat (ENT) Specialist,19,1200.0,100.0,21,Practo,0,0,0,0
Dr. Rajdip Sen,Samaritan Clinic Private Limited,kolkata,Internal Medicine,18,1500.0,100.0,1,Practo,0,0,0,0
Dr. Pratik Kumar Mitra,Techno India Dama Healthcare & Medical Centre,kolkata,Anesthesiologist,16,1100.0,75.0,4,Practo,0,1,0,0
Dr. Subhadip Mallik,Samaritan Clinic Private Limited,kolkata,Gynecologist/Obstetrician,26,1500.0,96.0,24,Practo,0,0,0,0
Dr. K.D. Biswas,Samaritan Clinic Private Limited,kolkata,Ear-Nose-Throat (ENT) Specialist,20,1500.0,96.0,24,Practo,0,0,0,0
Dr. Naba Kumar Saha,Sl Artemis Medical Centre Pvt Ltd,kolkata,General Surgeon,30,1500.0,100.0,2,Practo,0,0,0,0
Dr. Soumya Mondol,Sl Artemis Medical Centre Pvt Ltd,kolkata,Urologist,23,1500.0,96.0,24,Practo,0,0,0,0
Dr. Rajesh Barasia,Techno India Dama Healthcare & Medical Centre,kolkata,General Surgeon,36,1000.0,96.0,24,Practo,0,0,0,0
Dr. Amit Kumar Das,Sl Artemis Medical Centre Pvt Ltd,kolkata,General Surgeon,17,800.0,100.0,1,Practo,0,0,0,0
Dr. Amitava Roy,Samaritan Clinic Private Limited,kolkata,Ear-Nose-Throat (ENT) Specialist,18,1500.0,100.0,1,Practo,0,0,0,0
Dr. Suddhasatwa Sen,Techno India Dama Healthcare & Medical Centre,kolkata,Gastroenterologist,21,4100.0,96.0,24,Practo,1,0,0,0
Dr. Amit K R Samanta,Sl Artemis Medical Centre Pvt Ltd,kolkata,General Surgeon,29,1500.0,96.0,24,Practo,0,0,0,0
Dr. Palash Mallick,Techno India Dama Healthcare & Medical Centre,kolkata,General Surgeon,23,900.0,50.0,4,Practo,0,1,0,0
Dr. Sudipta Kumar Singh,Techno India Dama Healthcare & Medical Centre,kolkata,Urologist,20,1000.0,67.0,2,Practo,0,1,0,0
Dr. Arnab Karmakar,Sl Artemis Medical Centre Pvt Ltd,kolkata,Orthopedist,16,1200.0,67.0,5,Practo,0,1,0,0
Dr. Anup Kumar Datta,Samaritan Clinic Private Limited,kolkata,Internal Medicine,27,1500.0,96.0,24,Practo,0,0,0,0
Dr. Malay Kumar Mandal,Techno India Dama Healthcare & Medical Centre,kolkata,Orthopedist,33,500.0,90.0,10,Practo,0,0,0,0
Dr. Manoj Kumar Khemani,Techno India Dama Healthcare & Medical Centre,kolkata,Orthopedist,24,1100.0,90.0,39,Practo,0,0,0,0
Dr. Kaushik Das,Techno India Dama Healthcare & Medical Centre,kolkata,Ear-Nose-Throat (ENT) Specialist,37,1100.0,85.0,20,Practo,0,0,0,0
Dr. Rajashree Ray,Techno India Dama Healthcare & Medical Centre,kolkata,Psychiatrist,28,1300.0,90.0,93,Practo,0,0,0,0
Dr. Debasish Chatterjee,Techno India Dama Healthcare & Medical Centre,kolkata,General Surgeon,17,1000.0,100.0,2,Practo,0,0,0,0
Dr. Debabrata Maity,Techno India Dama Healthcare & Medical Centre,kolkata,General Surgeon,21,500.0,100.0,2,Practo,0,0,0,0
Dr. Anupam Das,Samaritan Clinic Private Limited,kolkata,Orthopedist,15,2000.0,100.0,1,Practo,1,0,0,0
Dr. Mukesh Kumar Vijay,Sl Artemis Medical Centre Pvt Ltd,kolkata,Urologist,25,2000.0,75.0,7,Practo,1,1,0,0
Dr. Nandini Chakrabarti,Techno India Dama Healthcare & Medical Centre,kolkata,Gynecologist/Obstetrician,33,800.0,54.0,36,Practo,0,1,0,0
Dr. Aloksobhan Dutta,Samaritan Clinic Private Limited,kolkata,Orthopedist,40,1800.0,90.0,10,Practo,1,0,0,0
Dr. Parthasarathi Karmakar,Techno India Dama Healthcare & Medical Centre,kolkata,Cardiologist,41,800.0,100.0,1,Practo,0,0,0,0
Dr. Dipankar Bhattacharya,Samaritan Clinic Private Limited,kolkata,Gynecologist/Obstetrician,24,1500.0,73.0,11,Practo,0,1,0,0
Dr. Anindya Maitra,Samaritan Clinic Private Limited,kolkata,Nephrologist,21,1500.0,100.0,3,Practo,0,0,0,0
Dr. Gautam Majumdar,Samaritan Clinic Private Limited,kolkata,Internal Medicine,52,2500.0,100.0,1,Practo,1,0,0,1
Dr. Hema Malathi Rath,Techno India Dama Healthcare & Medical Centre,kolkata,Cardiologist,25,1200.0,96.0,24,Practo,0,0,0,0
Dr. Md Ghulam Jeelani Naiyer,Samaritan Clinic Private Limited,kolkata,Plastic Surgeon,25,2200.0,96.0,24,Practo,1,0,0,0
Dr. Alok Kumar De,Techno India Dama Healthcare & Medical Centre,kolkata,Gynecologist/Obstetrician,28,600.0,100.0,1,Practo,0,0,0,0
Dr. Ashraful Haque,Techno India Dama Healthcare & Medical Centre,kolkata,Cardiologist,20,1000.0,96.0,24,Practo,0,0,0,0
Dr. Swati Mishra,Birla Fertility and IVF,kolkata,Infertility Specialist,23,800.0,50.0,4,Practo,0,1,0,0
Dr. Shashi Kant Tewary,Techno India Dama Healthcare & Medical Centre,kolkata,Urologist,21,800.0,67.0,2,Practo,0,1,0,0
Dr. Debarati Bhar,Techno India Dama Healthcare & Medical Centre,kolkata,Endocrinologist,25,1000.0,33.0,3,Practo,0,1,0,0
Dr. Santanu Dutta,Samaritan Clinic Private Limited,kolkata,Cardiac Surgeon,36,2000.0,50.0,6,Practo,1,1,0,0
Dr. Shubhamitra Chaudhuri,Samaritan Clinic Private Limited,kolkata,Neurosurgeon,16,1500.0,40.0,5,Practo,0,1,0,0
Dr. Ranajit Basu,Titanium Eye Care,kolkata,Ophthalmologist,27,800.0,95.0,20,Practo,0,0,0,0
Dr. Zennat T Shah,Titanium Eye Care,kolkata,Ophthalmologist,23,800.0,100.0,4,Practo,0,0,0,0
Dr. Souvik Chakraborty (PhD),Dietitian Souvik Chakraborty,kolkata,Dietitian/Nutritionist,18,800.0,91.0,77,Practo,0,0,0,0
Dr. Sadajit Banerjee,Techno India Dama Healthcare & Medical Centre,kolkata,General Physician,13,1000.0,96.0,24,Practo,0,0,0,0
Dr. Ranajoy Dutta,Sl Artemis Medical Centre Pvt Ltd,kolkata,General Physician,14,1000.0,100.0,1,Practo,0,0,0,0
Dr. Anumita Dey,Nova Medical Services,kolkata,General Physician,21,1000.0,100.0,1,Practo,0,0,0,0
Dr. Soutrik Kumar,ENT and HNS Clinic,kolkata,Ear-Nose-Throat (ENT) Specialist,11,700.0,97.0,58,Practo,0,0,0,0
Dr. Ratnadeep Ghosh,Techno India Dama Healthcare & Medical Centre,kolkata,Ear-Nose-Throat (ENT) Specialist,23,800.0,73.0,22,Practo,0,1,0,0
Dr. Ram Dasgupta,N G Medicare & Calcutta Hope Infertility Clinic,kolkata,Psychiatrist,53,1500.0,87.0,52,Practo,0,0,0,1
Dr. Tammna Hussain,Sl Artemis Medical Centre Pvt Ltd,kolkata,Gynecologist/Obstetrician,9,1200.0,100.0,4,Practo,0,0,0,0
Dr. Sabyasachi Chakrabarty,ASG Eye Hospital,kolkata,Ophthalmologist,14,500.0,100.0,24,Practo,0,0,0,0
Dr. Sukhamoy Barik,Binayak Imaging And Diagnostic Center,kolkata,Gynecologist/Obstetrician,19,800.0,99.0,134,Practo,0,0,0,0
Dr. Chhandanika De,Homeo Care,kolkata,Homoeopath,33,500.0,80.0,10,Practo,0,0,0,0
Dr. Paroma Mukherjee,Sl Artemis Medical Centre Pvt Ltd,kolkata,Ear-Nose-Throat (ENT) Specialist,7,1200.0,83.0,6,Practo,0,0,0,0
Dr. Suvendu Maji,Sl Artemis Medical Centre Pvt Ltd,kolkata,General Surgeon,14,2000.0,100.0,2,Practo,1,0,0,0
Dr. Sushpa,Daradia The Pain Clinic,kolkata,Pain Management Specialist,10,2000.0,100.0,7,Practo,1,0,0,0
Dr. Anirban Pal,Techno India Dama Healthcare & Medical Centre,kolkata,Pain Management Specialist,23,800.0,100.0,1,Practo,0,0,0,0
Dr. Sugata,Birla Fertility and IVF,kolkata,Infertility Specialist,13,800.0,100.0,1,Practo,0,0,0,0
Dr. Subhayan Bhattacharya,Techno India Dama Healthcare & Medical Centre,kolkata,Infectious Diseases Physician,16,1100.0,100.0,1,Practo,0,0,0,0
Dr. Pritam Kundu,Sl Artemis Medical Centre Pvt Ltd,kolkata,Laparoscopic Surgeon,11,1200.0,100.0,31,Practo,0,0,0,0
Dr. Sreeparna Roy,Birla Fertility and IVF,kolkata,Infertility Specialist,8,800.0,50.0,1,Practo,0,1,0,0
Dr. Swarnabha Mukhopadhyay,Techno India Dama Healthcare & Medical Centre,kolkata,Orthopedist,11,900.0,96.0,24,Practo,0,0,0,0
Dr. Kevin Vadadoriya,Sl Artemis Medical Centre Pvt Ltd,kolkata,Orthopedist,14,1200.0,67.0,24,Practo,0,1,0,0
Dr. Ahetesam Hosain,Techno India Dama Healthcare & Medical Centre,kolkata,General Surgeon,12,600.0,96.0,24,Practo,0,0,0,0
Dr. Swarnava Dattagupta,Techno India Dama Healthcare & Medical Centre,kolkata,Orthopedist,11,600.0,96.0,24,Practo,0,0,0,0
Dr. Nittala Venkata Krishna Mohan,March ENT Clinic,kolkata,Ear-Nose-Throat (ENT) Specialist,32,1100.0,80.0,5,Practo,0,0,0,0
Dr. Partha Pratim Sinha Roy,Sl Artemis Medical Centre Pvt Ltd,kolkata,Urologist,13,1200.0,100.0,1,Practo,0,0,0,0
Dr. Pratik Agarwal,Techno India Dama Healthcare & Medical Centre,kolkata,Orthopedist,13,1000.0,96.0,24,Practo,0,0,0,0
Dr. Prashant Kumar,Techno India Dama Healthcare & Medical Centre,kolkata,Orthopedist,11,800.0,96.0,24,Practo,0,0,0,0
Dr. Supratip Kundu,Techno India Dama Healthcare & Medical Centre,kolkata,Cardiologist,17,2500.0,89.0,9,Practo,1,0,0,0
Dr. Ritwik Ghosh Haldar,Care Genix Clinic & Diagnostics,kolkata,Gynecologist/Obstetrician,12,800.0,100.0,2,Practo,0,0,0,0
Dr. Leena Mistry,Sl Artemis Medical Centre Pvt Ltd,kolkata,Pulmonologist,20,1500.0,63.0,7,Practo,0,1,0,0
Dr. Chirajit Dutta,March ENT Clinic,kolkata,Ear-Nose-Throat (ENT) Specialist,30,1100.0,89.0,9,Practo,0,0,0,0
Dr. Amrita Chaudhuri,Techno India Dama Healthcare & Medical Centre,kolkata,Gynecologist/Obstetrician,13,1000.0,100.0,2,Practo,0,0,0,0
Dr. Shankar Prasad Nandi,Techno India Dama Healthcare & Medical Centre,kolkata,Neurologist,29,800.0,86.0,6,Practo,0,0,0,0
Dr. Joyita Das Choudhury,Horizon Aesthetics,kolkata,Dentist,5,500.0,100.0,2,Practo,0,0,0,0
Dr. Subhasish Deb,Techno India Dama Healthcare & Medical Centre,kolkata,Cardiologist,13,1000.0,96.0,24,Practo,0,0,0,0
Ms. Silky Mahajan,Foods & Nutrition by Silky Mahajan,kolkata,Dietitian/Nutritionist,18,1770.0,98.0,640,Practo,1,0,1,0
Dr. Shiv Prakash Singh,Vedhive Ayurveda,kolkata,Ayurveda,18,700.0,97.0,64,Practo,0,0,0,0
Dr. Smiti Rani Srivastava,Eye Clinic,kolkata,Ophthalmologist,23,1000.0,96.0,77,Practo,0,0,0,0
Dr. Anjan Das,Vedhive Ayurveda,kolkata,Ayurveda,8,500.0,96.0,24,Practo,0,0,0,0
Dr. Rik Sadhukan,Vedhive Ayurveda,kolkata,Ayurveda,8,500.0,95.0,36,Practo,0,0,0,0
Dr. Asad Ansari,HairMate Clinic,kolkata,Dermatologist,15,1200.0,56.0,9,Practo,0,1,0,0
Dr. Ritoban Saha Bhowmick,Sl Artemis Medical Centre Pvt Ltd,kolkata,Dentist,12,1200.0,96.0,24,Practo,0,0,0,0
Dr. Shamik Gope,Samaritan Clinic Private Limited,kolkata,Dentist,19,1500.0,100.0,1,Practo,0,0,0,0
Dr. Sondipon Biswas,Techno India Dama Healthcare & Medical Centre,kolkata,Orthopedist,13,1000.0,96.0,24,Practo,0,0,0,0
Dr. Kakali Choudhury,Samaritan Clinic Private Limited,kolkata,Oncologist,23,1500.0,96.0,24,Practo,0,0,0,0
Dr. Pallabika Mondal,Samaritan Clinic Private Limited,kolkata,Oncologist,18,1500.0,96.0,24,Practo,0,0,0,0
Dr. Nilesh Giri,Techno India Dama Healthcare & Medical Centre,kolkata,Internal Medicine,11,1000.0,96.0,24,Practo,0,0,0,0
Dr. Sandip Rungta,Mansa Sheel,kolkata,General Physician,26,800.0,99.0,551,Practo,0,0,1,0
Dr. Kamal Sinha,Manipal Hospitals (AMRI Hospitals),kolkata,Rehab & Physical Medicine Specialist,39,1200.0,83.0,28,Practo,0,0,0,0
Dr. Debasish Saha,Manipal Hospital Broadway (AMRI Hospitals),kolkata,General Physician,46,1500.0,83.0,35,Practo,0,0,0,1
Dr. S A Mallick,Dr Amitava Chakravorty's Clinic,kolkata,General Physician,18,1500.0,98.0,318,Practo,0,0,1,0
Dr. Shyama Prasad Roy,Binapani Doctor's Chamber,kolkata,General Physician,40,800.0,80.0,30,Practo,0,0,0,0
Dr. Dipankar Debnath,Suraksha Diagnostic,kolkata,General Practitioner,24,500.0,100.0,3,Practo,0,0,0,0
Dr. Subhayu B,Manipal Hospitals (AMRI Hospitals),kolkata,General Physician,29,1500.0,96.0,24,Practo,0,0,0,0
Dr. Subhash Chandra Garai,Care & Cure Health Clinic,kolkata,General Physician,43,500.0,57.0,7,Practo,0,1,0,0
Dr. Sima Datta Ray,Manipal Hospital Broadway (AMRI Hospitals),kolkata,Internal Medicine,34,1000.0,93.0,13,Practo,0,0,0,0
Dr. Manaskumar Mandal,Manipal Hospital Broadway (AMRI Hospitals),kolkata,General Physician,36,1200.0,100.0,1,Practo,0,0,0,0
Dr. Gaurab Bhaduri,Apollo Sugar Clinic,kolkata,General Physician,15,1100.0,83.0,12,Practo,0,0,0,0
Dr. Debashis Maitra,Suraksha Diagnostic,kolkata,General Physician,31,800.0,96.0,24,Practo,0,0,0,0
Dr. Indranil Sinha Roy,Apollo Clinic,kolkata,General Physician,22,1000.0,100.0,1,Practo,0,0,0,0
Dr. Ranjan Kumar Bhattacharya,Suraksha Diagonostics,kolkata,Internal Medicine,50,500.0,96.0,24,Practo,0,0,0,1
Dr. Sibasis Bhattacharyya,Apollo Clinic,kolkata,General Physician,15,1000.0,100.0,1,Practo,0,0,0,0
Dr. Keshav Agarwal,Apollo Clinic,kolkata,General Physician,4,600.0,33.0,3,Practo,0,1,0,0
Dr. Swapan Kumar Sarkar,Suraksha Diagnostics,kolkata,General Physician,41,600.0,96.0,24,Practo,0,0,0,0
Dr. Ruchika Debraj De,Apollo Dermatology Clinic,kolkata,Cosmetologist,7,500.0,96.0,24,Practo,0,0,0,0
Dr. Abhisek Bhatia,Apollo Clinic,kolkata,General Physician,24,700.0,96.0,24,Practo,0,0,0,0
Dr. Soumik Debnath,Doctor's Clinic,kolkata,General Physician,16,700.0,99.0,125,Practo,0,0,0,0
Dr. Mrinal Kanti Bose,Bose Clinic,kolkata,General Physician,45,600.0,100.0,1,Practo,0,0,0,1
Dr. Antarikhya Bordoloi,Compassia Health Services Pvt. Ltd.,kolkata,Geriatrician,10,800.0,100.0,4,Practo,0,0,0,0
Dr. Abhijit Bhatta,Suraksha Diagnostics,kolkata,General Physician,32,1000.0,86.0,7,Practo,0,0,0,0
Dr. Anirban Das,IRIS Hospital,kolkata,Internal Medicine,26,1000.0,100.0,25,Practo,0,0,0,0
Dr. Syamasis Bandyopadhyay,Apollo Gleneagles Cancer Hospital,kolkata,General Physician,38,1200.0,100.0,1,Practo,0,0,0,0
Dr. Sudipta Dutta,Manipal Hospital Broadway (AMRI Hospitals),kolkata,General Physician,18,1000.0,100.0,5,Practo,0,0,0,0
Dr. Jai Ranjan Ram,Apollo Gleneagles Cancer Hospital,kolkata,General Physician,36,1200.0,96.0,24,Practo,0,0,0,0
Dr. Shilpa Bhartia,Apollo Gleneagles Cancer Hospital,kolkata,General Physician,25,700.0,96.0,24,Practo,0,0,0,0
Dr. Asmita Saha,Dr. Asmita Saha Clinic,kolkata,Psychiatrist,4,900.0,96.0,24,Practo,0,0,0,0
Dr. Soumitra Das,Suraksha Diagnostics,kolkata,General Physician,18,700.0,75.0,8,Practo,0,1,0,0
Dr. Rakhi Sanyal,Manipal Hospital Broadway (AMRI Hospitals),kolkata,General Physician,33,1500.0,50.0,4,Practo,0,1,0,0
Dr. Chanchal Kumar Jana,Apollo Clinic,kolkata,General Physician,46,800.0,100.0,2,Practo,0,0,0,1
Dr. Pratik Dasgupta,IRIS Hospital,kolkata,Internal Medicine,26,1000.0,100.0,4,Practo,0,0,0,0
Dr. Saroj Kumar Saha,Suraksha Diagnostic,kolkata,General Physician,50,300.0,96.0,24,Practo,0,0,0,1
Dr. Sushmita Roy,Suraksha Diagnostics,kolkata,General Physician,29,400.0,96.0,24,Practo,0,0,0,0
Dr. P N Mohapatra,Apollo Gleneagles Cancer Hospital,kolkata,General Physician,35,500.0,96.0,24,Practo,0,0,0,0
Dr. Suddhasatwya Chatterjee,Apollo Gleneagles Cancer Hospital,kolkata,General Physician,21,800.0,96.0,24,Practo,0,0,0,0
Dr. Subhasish Gangopadhyay,Manipal Hospital Broadway (AMRI Hospitals),kolkata,General Physician,40,950.0,96.0,24,Practo,0,0,0,0
Dr. Debarghya Dey,Suraksha Diagnostics,kolkata,General Physician,13,600.0,100.0,3,Practo,0,0,0,0
Dr. Raja Mazumder,Jivantika Diagnostic Clinic,kolkata,General Practitioner,31,900.0,100.0,1,Practo,0,0,0,0
Dr. Biswanath Sharma Sarkar,IRIS Hospital,kolkata,General Physician,27,700.0,96.0,24,Practo,0,0,0,0
Dr. Anirvan Jaiswal,Manipal Hospital Broadway (AMRI Hospitals),kolkata,General Physician,20,1000.0,75.0,3,Practo,0,1,0,0
Dr. Ajitesh Ghoshal,Suraksha Diagonostics,kolkata,General Physician,30,500.0,96.0,24,Practo,0,0,0,0
Dr. Dibyen Chatterjee,IRIS Hospital,kolkata,General Physician,22,700.0,100.0,1,Practo,0,0,0,0
Dr. Anoop P N,Apollo Gleneagles Cancer Hospital,kolkata,General Physician,9,400.0,100.0,1,Practo,0,0,0,0
Dr. Manash Saha,Apollo Gleneagles Cancer Hospital,kolkata,General Physician,33,500.0,96.0,24,Practo,0,0,0,0
Dr. Suman Nandi,Suraksha Diagonostics,kolkata,General Physician,35,700.0,96.0,24,Practo,0,0,0,0
Dr. Pulak Ghosh Dastidar,IRIS Hospital,kolkata,General Physician,22,900.0,96.0,24,Practo,0,0,0,0
Dr. Niloptal Mitra,Suraksha Diagnostic,kolkata,General Physician,29,500.0,96.0,24,Practo,0,0,0,0
Dr. Romi Ray,Apollo Clinic,kolkata,General Physician,32,600.0,96.0,24,Practo,0,0,0,0
Dr. Dip Chattopadhyay,Samaritan Clinic Private Limited,kolkata,General Physician,22,1000.0,96.0,24,Practo,0,0,0,0
Dr. Arup Ratan Mallick,Suraksha Diagnostics,kolkata,Clinical Pharmacologist and Toxicologist,10,500.0,96.0,24,Practo,0,0,0,0
Dr. Aritra Goswami,Suraksha Diagnostics,kolkata,General Physician,15,800.0,96.0,24,Practo,0,0,0,0
Dr. Ami Shah,Art Fertility Clinics,ahmedabad,Infertility Specialist,19,1500.0,98.0,44,Practo,0,0,0,0
Dr. Azadeh Patel,Art Fertility Clinics,ahmedabad,Infertility Specialist,15,1000.0,100.0,21,Practo,0,0,0,0
Dr. Shah Shailesh Anantray,Bodyline Hospital,ahmedabad,Urologist,44,1700.0,73.0,14,Practo,0,1,0,0
Dr. Dhaval Patel,Gayatri hospital and research center,ahmedabad,Laparoscopic Surgeon,17,800.0,80.0,5,Practo,0,0,0,0
Dr. Kawad Kishore Dhanjibhai,Indira IVF - Fertility and IVF Center,ahmedabad,Gynecologist/Obstetrician,18,500.0,50.0,2,Practo,0,1,0,0
Dr. Parth Joshi,Indira IVF - Fertility and IVF Center,ahmedabad,Gynecologist/Obstetrician,17,500.0,96.0,24,Practo,0,0,0,0
Dr. Pathak Harsh Dilipkumar,Bodyline Hospital,ahmedabad,General Physician,15,600.0,94.0,16,Practo,0,0,0,0
Dr. Rachana Dave (Physiotherapist),The public wellness,ahmedabad,Physiotherapist,14,600.0,100.0,21,Practo,0,0,0,0
Dr. Hardik K. Shah,Mothercare Women's Hospital,ahmedabad,Gynecologist/Obstetrician,23,600.0,99.0,511,Practo,0,0,1,0
Dr. Yash Shah,Bodyline Hospital,ahmedabad,Orthopedist,10,600.0,100.0,14,Practo,0,0,0,0
Dr. Meghavi Rajeshbhai Modi,Bodyline Hospital,ahmedabad,Ear-Nose-Throat (ENT) Specialist,8,600.0,80.0,18,Practo,0,0,0,0
Dr. Dhvanee Desai,Indira IVF - Fertility and IVF Center,ahmedabad,Infertility Specialist,14,500.0,100.0,3,Practo,0,0,0,0
Dr. Urvashi Shah,Bodyline Hospital,ahmedabad,Gynecologist/Obstetrician,11,600.0,63.0,15,Practo,0,1,0,0
Dr. Harsha Bhorhari,Om Holistic & Ayurveda Clinic,ahmedabad,Ayurveda,26,500.0,92.0,63,Practo,0,0,0,0
Dr. Kamlesh Ram,Dr. Ram’s Advanced Surgical Hospital,ahmedabad,General Surgeon,19,1500.0,94.0,17,Practo,0,0,0,0
Dr. Shah Ashir Kritikumar,Bodyline Hospital,ahmedabad,Nephrologist,12,1100.0,100.0,24,Practo,0,0,0,0
Dr. Darshil Prajapati,Indira IVF - Fertility and IVF Center,ahmedabad,Infertility Specialist,10,500.0,96.0,24,Practo,0,0,0,0
Dr. Bhargavkumar Nimavat,Indira IVF - Fertility and IVF Center,ahmedabad,Infertility Specialist,12,500.0,96.0,24,Practo,0,0,0,0
Dr. Shah Utsav Shailesh,Bodyline Hospital,ahmedabad,Urologist,14,800.0,88.0,25,Practo,0,0,0,0
Dr. Kelawala Zalak Bhadreshbhai,Bodyline Hospital,ahmedabad,Oncologist,12,1100.0,96.0,24,Practo,0,0,0,0
Dr. Kakkad Vivek,Birla Fertility & IVF,ahmedabad,Infertility Specialist,13,800.0,100.0,1,Practo,0,0,0,0
Dr. Shrikant Lagvankar,Apollo Hospital,ahmedabad,General Physician,46,1000.0,50.0,2,Practo,0,1,0,1
Dr. Pankaj Dubey,Apollo Hospital,ahmedabad,General Physician,29,800.0,100.0,1,Practo,0,0,0,0
Dr. Kruti Godhani,Ved Multispecility Clinic & Diagnostics,ahmedabad,General Physician,16,800.0,96.0,24,Practo,0,0,0,0
Dr. Jayesh Pavra,The Health Care PolyClinic,ahmedabad,Internal Medicine,31,1000.0,97.0,382,Practo,0,0,1,0
Dr. V R Tindwani,Dr V R Tindwani Clinic,ahmedabad,General Physician,52,600.0,98.0,41,Practo,0,0,0,1
Dr. Tapan Shah,Sangini Hospital,ahmedabad,General Physician,23,1200.0,98.0,383,Practo,0,0,1,0
Dr. Shakuntala V Shah,Apollo Hospitals City Centre,ahmedabad,General Physician,51,800.0,96.0,24,Practo,0,0,0,1
Dr. Priyanka Srivastava,Apollo Hospitals City Centre,ahmedabad,General Physician,8,800.0,100.0,1,Practo,0,0,0,0
Dr. Manish Joshi,Apollo Hospital,ahmedabad,General Physician,30,700.0,96.0,24,Practo,0,0,0,0
Dr. Agam J Gaargiya,Orchids ICU & Hospital,ahmedabad,Spine And Pain Specialist,17,1200.0,96.0,24,Practo,0,0,0,0
Dr. B K Kedia,Apollo Hospital,ahmedabad,General Physician,44,800.0,96.0,24,Practo,0,0,0,0
Dr. Bhaskar Thakkar,Life Care Pathology Laboratory,ahmedabad,Pathologist,24,500.0,96.0,24,Practo,0,0,0,0
Dr. Pooja Solanki,Apollo Hospital,ahmedabad,General Physician,15,1000.0,96.0,24,Practo,0,0,0,0
Dr. Anand Subramaniam Iyer,Apollo Hospital,ahmedabad,General Physician,26,1000.0,96.0,24,Practo,0,0,0,0
Dr. Pooja Sharma,Musk Clinic,ahmedabad,General Physician,4,1000.0,100.0,1,Practo,0,0,0,0
Dr. Hemang Zala,Dr. Hemang Zala Multi Speciality & Cosmetic Dental Hospital,ahmedabad,Dentist,26,500.0,96.0,602,Practo,0,0,1,0
Dr. Rupa Tejas Shah,Silk Skin Laser Cosmetology Clinic,ahmedabad,Dermatologist,34,1000.0,96.0,166,Practo,0,0,0,0
Dr. Meeta Desai,The Skin Sense,ahmedabad,Dermatologist,25,1000.0,98.0,250,Practo,0,0,1,0
Dr. Meenu Shah,Tulip Women's Hospital,ahmedabad,Gynecologist/Obstetrician,24,1000.0,97.0,338,Practo,0,0,1,0
Dr. Namrata Dhaval Shah,Saavi Women's Hospital,ahmedabad,Gynecologist/Obstetrician,30,1000.0,98.0,207,Practo,0,0,1,0
Dr. Kishore Sahsani,Mahadev Eye Care,ahmedabad,Ophthalmologist,28,400.0,94.0,99,Practo,0,0,0,0
Dr. Manish Shah,Tulip Women's Hospital,ahmedabad,Gynecologist/Obstetrician,24,1000.0,100.0,17,Practo,0,0,0,0
Dr. Nishit Soni,Denta Sculpt Dental Clinic,ahmedabad,Dentist,22,400.0,99.0,435,Practo,0,0,1,0
Dr. Alap Shah,Ivories Laser Dental Clinic & Dental Implant Center,ahmedabad,Dentist,22,300.0,98.0,1356,Practo,0,0,1,0
Dr. Prateek Joshi,Atharva Orthopaedic Superspeciality Hospital,ahmedabad,Orthopedist,17,600.0,100.0,19,Practo,0,0,0,0
Dr. J B Mishra (Physiotherapist),Shraddha Physiotherapy Clinic and Research Rehabilitation Center,ahmedabad,Physiotherapist,21,500.0,95.0,478,Practo,0,0,1,0
Dr. Ravi N Shah,Smile Sitara Worldclass Aesthetic Dentistry,ahmedabad,Dentist,18,500.0,99.0,100,Practo,0,0,0,0
Dr. Milind Sheth,Ora Dental Care,ahmedabad,Dentist,16,300.0,100.0,105,Practo,0,0,0,0
Mr. Amit Anand,Apple Speech & Hearing Clinic,ahmedabad,Audiologist,26,800.0,96.0,100,Practo,0,0,0,0
Dr. Ankitkumar M Bhagora,Karnavati Dental Care,ahmedabad,Dentist,14,300.0,100.0,16,Practo,0,0,0,0
Dr. Jolly Shah,Aashu Dental and Multispeciality Clinic,ahmedabad,Dentist,29,200.0,88.0,47,Practo,0,0,0,0
Dr. Bhaumik Shah,Shree Shreeji Women's Hospital,ahmedabad,Gynecologist/Obstetrician,22,600.0,99.0,586,Practo,0,0,1,0
Dr. Rachana Parikh,Aeshaa Hospital,ahmedabad,Ear-Nose-Throat (ENT) Specialist,33,700.0,98.0,262,Practo,0,0,1,0
Dr. Kinjal Shah,Ivories Laser Dental Clinic & Dental Implant Center,ahmedabad,Dentist,22,300.0,94.0,16,Practo,0,0,0,0
Dr. Nisha sheth,Ora Dental Care,ahmedabad,Dentist,16,300.0,100.0,32,Practo,0,0,0,0
Dr. Manish Shah,Aashu Dental and Multispeciality Clinic,ahmedabad,Dentist,29,300.0,100.0,216,Practo,0,0,1,0
Dr. Vandil Patel,Shilp Dental Care,ahmedabad,Dentist,16,200.0,100.0,11,Practo,0,0,0,0
Dr. Nehal Sheth,Sheth Dental Clinic And Implant Center,ahmedabad,Dentist,24,300.0,97.0,608,Practo,0,0,1,0
Dr. Gopal Bhatia,Ahmedabad Psychiatry Clinic,ahmedabad,Psychiatrist,23,1500.0,96.0,25,Practo,0,0,0,0
Dr. Hardik Khamar,Homeopathy Care,ahmedabad,Homoeopath,25,800.0,99.0,611,Practo,0,0,1,0
Dr. Purvesh Chauhan,Titanium Dental Clinic,ahmedabad,Dentist,19,1500.0,99.0,506,Practo,0,0,1,0
Dr. Anand Patel,Pearl Dental Care,ahmedabad,Dentist,22,300.0,98.0,450,Practo,0,0,1,0
Dr. Nirav Bhatt,Dr Bhatt's Clinic,ahmedabad,Homoeopath,25,2000.0,100.0,470,Practo,1,0,1,0
Dr. Astha Dudhat Mulani,Aadhya women’s ( Nest ivf center ) and kidney Hospital,ahmedabad,Gynecologist/Obstetrician,17,600.0,89.0,19,Practo,0,0,0,0
Dr. Paresh Thakkar,Expert Ayurveda,ahmedabad,Ayurveda,34,700.0,100.0,3,Practo,0,0,0,0
Dr. Dhaval Shah,Saavi Women's Hospital,ahmedabad,Gynecologist/Obstetrician,27,1000.0,98.0,512,Practo,0,0,1,0
Dr. Kinnar Kapadia,Avenues Hair Transplant And Plastic Surgery Center,ahmedabad,Hair Transplant Surgeon,25,600.0,99.0,221,Practo,0,0,1,0
Dr. Harshil Pandya,Chhaya Chest And Allergy Clinic,ahmedabad,Pulmonologist,8,500.0,85.0,26,Practo,0,0,0,0
Dr. Minoti Vyas,Titanium Dental Clinic,ahmedabad,Dentist,13,500.0,98.0,48,Practo,0,0,0,0
Dr. Harshit Shah,Eyeconic Eye Clinic,ahmedabad,Ophthalmologist,12,800.0,100.0,28,Practo,0,0,0,0
Dr. Krupa Vaidya,Dhwanil Dental Clinic,ahmedabad,Dentist,28,300.0,99.0,183,Practo,0,0,0,0
Dr. Sandeep Agarwal,"Aaryaa Endocrine, Diabetes & Hematology Centre",ahmedabad,Endocrinologist,25,1000.0,88.0,25,Practo,0,0,0,0
Dr. Chirag J. Shah,Arham Surgical Hospital & Laparoscopic center,ahmedabad,Laparoscopic Surgeon,25,1000.0,95.0,37,Practo,0,0,0,0
Dr. Abhishek Savalia,Savalia Multispeciality Hospital,ahmedabad,Urologist,16,500.0,91.0,65,Practo,0,0,0,0
Dr. Mohit Dave,Aayushyam Hospital and Diagnostic Centre LLP,ahmedabad,Spine And Pain Specialist,15,800.0,96.0,26,Practo,0,0,0,0
Dr. Harshil Shah,Manoshanti - The Mindcare Clinic,ahmedabad,Psychiatrist,9,800.0,96.0,45,Practo,0,0,0,0
Dr. Rajiv Harshe,Apollo Hospital,ahmedabad,Spine And Pain Specialist,41,700.0,96.0,97,Practo,0,0,0,0
Dr. Umesh Godhani,Kidney Cure Clinic and Dialysis centre,ahmedabad,Nephrologist,17,1500.0,100.0,1,Practo,0,0,0,0
Dr. Anushree Prasad,Family Dental Clinic,ahmedabad,Dentist,20,500.0,100.0,49,Practo,0,0,0,0
Dr. Priyal Parth Goyal,Parth Hospital,ahmedabad,Psychiatrist,11,800.0,100.0,10,Practo,0,0,0,0
Dr. Kausha H. Khamar,Homeopathy Care,ahmedabad,Homoeopath,22,600.0,96.0,25,Practo,0,0,0,0
Dr. Konain,Dr. Konain Dental and Aesthetic Clinic,ahmedabad,Dentist,7,300.0,95.0,57,Practo,0,0,0,0
Dr. Vishal P Gor,Vidvish Neuropsychiatry Clinic,ahmedabad,Sexologist,11,1500.0,100.0,10,Practo,0,0,0,0
Dr. Heena Verma,Dr. Heena Verma Clinic,ahmedabad,Gynecologist/Obstetrician,11,700.0,89.0,27,Practo,0,0,0,0
Dr. Komal Thakkar,Total 360 Dental Care Clinic,ahmedabad,Dentist,14,800.0,98.0,45,Practo,0,0,0,0
Dr. Atish Shah,Sangini Hospital,ahmedabad,Pediatrician,23,1200.0,99.0,155,Practo,0,0,0,0
Dr. Chirag Goradia,Dr. Ila's Ayurveda,ahmedabad,Ayurveda,25,300.0,95.0,55,Practo,0,0,0,0
Dr. Ujjawal Soni,Denta Sculpt Dental Clinic,ahmedabad,Dentist,23,400.0,100.0,29,Practo,0,0,0,0
Dr. Surendra Agrawal,Srishti Medicare Private Limited,jaipur,General Physician,26,500.0,78.0,17,Practo,0,0,0,0
Dr. Mukesh Jain,Tagore Hospital & Research Institute,jaipur,General Physician,33,500.0,71.0,7,Practo,0,1,0,0
Dr. Govind Sharan Sharma,SRG Hospital,jaipur,General Physician,16,500.0,100.0,4,Practo,0,0,0,0
Dr. Sandeep Jain,Tagore Hospital & Research Institute,jaipur,General Physician,27,500.0,33.0,3,Practo,0,1,0,0
Dr. Goyal Shyam Behari,Amar Medical And Research Centre,jaipur,General Physician,38,1000.0,96.0,24,Practo,0,0,0,0
Dr. Anil Vaidya,Srishti Medicare Private Limited,jaipur,General Surgeon,36,1000.0,100.0,2,Practo,0,0,0,0
Dr. Ananth Padmanaban,Srishti Medicare Private Limited,jaipur,Internal Medicine,45,1000.0,30.0,10,Practo,0,1,0,1
Dr. Rajendra Kumar,Amar Medical And Research Centre,jaipur,General Physician,45,1000.0,97.0,34,Practo,0,0,0,1
Dr. Ajeet Singh,Amar Medical And Research Centre,jaipur,General Physician,27,1000.0,96.0,24,Practo,0,0,0,0
Dr. Deepak Sharma,Cradle Children Hospital,jaipur,Pediatrician,17,500.0,94.0,804,Practo,0,0,1,0
Dr. Devendra Soni,Cradle Children Hospital,jaipur,Pediatric Surgeon,19,1000.0,97.0,28,Practo,0,0,0,0
Dr. Alok Choudhary,Cradle Children Hospital,jaipur,Pediatrician,21,500.0,82.0,175,Practo,0,0,0,0
Dr. Jagveer Singh,Cradle Children Hospital,jaipur,Pediatrician,17,500.0,92.0,141,Practo,0,0,0,0
Dr. Sushma Agrawal,Srishti Medicare Private Limited,jaipur,Gynecologist/Obstetrician,26,600.0,95.0,42,Practo,0,0,0,0
Dr. Sameer Sharma,Metro MAS Hospital,jaipur,Cardiologist,32,500.0,100.0,4,Practo,0,0,0,0
Dr. Vinod Kumar Atreya,SRG Hospital,jaipur,General Surgeon,41,500.0,100.0,3,Practo,0,0,0,0
Dr. Sunil Agarwal,Cradle Children Hospital,jaipur,Pediatrician,16,500.0,98.0,730,Practo,0,0,1,0
Dr. Robin Bothra,R N Multispeciality Hospital,jaipur,General Surgeon,23,400.0,100.0,5,Practo,0,0,0,0
Dr. Jyotika Singh,Cradle Children Hospital,jaipur,Gynecologist/Obstetrician,15,500.0,95.0,64,Practo,0,0,0,0
Dr. Shankar.M.N,Srishti Medicare Private Limited,jaipur,Ear-Nose-Throat (ENT) Specialist,39,1000.0,85.0,53,Practo,0,0,0,0
Dr. A. K . Mathur,Priyush Neuro And Superspeciality Hospital,jaipur,General Surgeon,52,550.0,100.0,1,Practo,0,0,0,1
Dr. Shubhra Singh,Maternite Hospital,jaipur,Gynecologist/Obstetrician,18,400.0,97.0,36,Practo,0,0,0,0
Dr. Devendra Kumar Sharma,Cradle Children Hospital,jaipur,Pediatrician,16,500.0,96.0,27,Practo,0,0,0,0
Dr. Shweta Gupta,Maternite Hospital,jaipur,Gynecologist/Obstetrician,26,400.0,80.0,14,Practo,0,0,0,0
Dr. Garima Agrawal,Cradle Children Hospital,jaipur,Pediatrician,15,500.0,90.0,38,Practo,0,0,0,0
Dr. Chitra Soni,R N Multispeciality Hospital,jaipur,Gynecologist/Obstetrician,16,400.0,79.0,23,Practo,0,0,0,0
Dr. Goyal Mohan Baboo,Amar Medical And Research Centre,jaipur,Gastroenterologist,26,500.0,85.0,20,Practo,0,0,0,0
Dr. Priyanka Yadav,Birla Fertility & IVF,jaipur,Infertility Specialist,17,800.0,100.0,4,Practo,0,0,0,0
Dr. Sharad Goyal,Maternite Hospital,jaipur,Pediatrician,16,400.0,100.0,2,Practo,0,0,0,0
Dr. Rakesh Kumar Verma,Tagore Hospital & Research Institute,jaipur,Orthopedist,18,500.0,100.0,2,Practo,0,0,0,0
Dr. Radha Chonsariya,SRG Hospital,jaipur,Pediatrician,15,500.0,100.0,2,Practo,0,0,0,0
Dr. Anju Soni,Soni Hospital,jaipur,Gynecologist/Obstetrician,46,700.0,50.0,7,Practo,0,1,0,1
Dr. Seema Sharma,Maternite Hospital,jaipur,Gynecologist/Obstetrician,28,400.0,100.0,3,Practo,0,0,0,0
Dr. Asha Susawat,Maternite Hospital,jaipur,Gynecologist/Obstetrician,17,400.0,97.0,38,Practo,0,0,0,0
Dr. Vijay Rathore,Tagore Hospital & Research Institute,jaipur,General Surgeon,32,500.0,50.0,2,Practo,0,1,0,0
Dr. Purushottam Gupta,Amar Medical And Research Centre,jaipur,General Physician,26,500.0,75.0,7,Practo,0,1,0,0
Dr. Vijay Kumar,Soni Hospital,jaipur,Orthopedist,25,600.0,50.0,3,Practo,0,1,0,0
Dr. Khemchand Bansal,Tagore Hospital & Research Institute,jaipur,General Surgeon,25,500.0,96.0,24,Practo,0,0,0,0
Dr. Neetu Rani Bansal,Tagore Hospital & Research Institute,jaipur,Gynecologist/Obstetrician,25,500.0,96.0,24,Practo,0,0,0,0
Dr. Deepak Sharma,Soni Hospital,jaipur,Gastroenterologist,15,500.0,92.0,11,Practo,0,0,0,0
Dr. Amit Bengani,Amar Medical And Research Centre,jaipur,General Surgeon,23,500.0,64.0,10,Practo,0,1,0,0
Dr. Ramdhan Meena,Amar Medical And Research Centre,jaipur,Internal Medicine,27,500.0,67.0,3,Practo,0,1,0,0
Dr. Kanika Gulati,Amar Medical And Research Centre,jaipur,Gynecologist/Obstetrician,15,500.0,83.0,5,Practo,0,0,0,0
Dr. Rakesh Ranjan,Metro MAS Hospital,jaipur,Orthopedist,16,400.0,100.0,24,Practo,0,0,0,0
Dr. C S Chaturvedi,Soni Hospital,jaipur,Orthopedist,42,600.0,57.0,6,Practo,0,1,0,0
Dr. Mani Kant Kothari,Soni Hospital,jaipur,Internal Medicine,46,600.0,100.0,1,Practo,0,0,0,1
Dr. Seema Ranjan,Metro MAS Hospital,jaipur,Gynecologist/Obstetrician,18,500.0,20.0,4,Practo,0,1,0,0
Dr. Chanchal Sharma,Maternite Hospital,jaipur,Gynecologist/Obstetrician,30,400.0,75.0,12,Practo,0,1,0,0
Dr. Ghanshyam Agrawal,Amar Medical And Research Centre,jaipur,Neurosurgeon,27,700.0,50.0,4,Practo,0,1,0,0
Dr. Nitin Dwivedi,Amar Medical And Research Centre,jaipur,Neurosurgeon,22,500.0,50.0,2,Practo,0,1,0,0
Dr. Vibha Vasu Gaur,Soni Hospital,jaipur,Cardiologist,30,500.0,100.0,3,Practo,0,0,0,0
Dr. Dhruv Kamra,Asg Eye Hospitals,jaipur,Ophthalmologist,16,600.0,100.0,1,Practo,0,0,0,0
Dr. Amit Sharan,Amar Medical And Research Centre,jaipur,General Surgeon,21,700.0,96.0,24,Practo,0,0,0,0
Dr. Bhim Chand Meena,Amar Medical And Research Centre,jaipur,General Surgeon,15,500.0,96.0,24,Practo,0,0,0,0
Dr. Mansoor Ahmed,Amar Medical And Research Centre,jaipur,Cardiologist,31,700.0,40.0,4,Practo,0,1,0,0
Dr. Nitesh Lamoria,Purple Heron Hospital,jaipur,Plastic Surgeon,18,600.0,100.0,1,Practo,0,0,0,0
Dr. Vatsala Bhagat,SRG Hospital,jaipur,Gynecologist/Obstetrician,18,500.0,80.0,5,Practo,0,0,0,0
Dr. Sanjay Tambi,Soni Hospital,jaipur,General Surgeon,28,600.0,100.0,1,Practo,0,0,0,0
Dr. Gurjar Sanjay Kumar,SRG Hospital,jaipur,General Surgeon,15,500.0,100.0,1,Practo,0,0,0,0
Dr. Vasundhara Sharma,Amar Medical And Research Centre,jaipur,Gynecologist/Obstetrician,26,500.0,60.0,14,Practo,0,1,0,0
Dr. Rakhi Jindal,Tagore Hospital & Research Institute,jaipur,Gynecologist/Obstetrician,19,500.0,96.0,24,Practo,0,0,0,0
Dr. Divya singh,Asg Eye Hospitals,jaipur,Ophthalmologist,16,600.0,100.0,24,Practo,0,0,0,0
Dr. Raghav Johari,Tagore Hospital & Research Institute,jaipur,General Surgeon,27,1100.0,96.0,24,Practo,0,0,0,0
Dr. Vaibhav Agnihotri,Soni Hospital,jaipur,Pediatrician,16,600.0,96.0,24,Practo,0,0,0,0
Dr. Mohit Bihani,Purple Heron Hospital,jaipur,Spine Surgeon,19,700.0,96.0,24,Practo,0,0,0,0
Dr. Akshay Kumar Mangal,Soni Hospital,jaipur,Neurologist,16,600.0,100.0,1,Practo,0,0,0,0
Dr. Kavita Goel,Maternite Hospital,jaipur,Gynecologist/Obstetrician,22,400.0,96.0,24,Practo,0,0,0,0
Dr. V. Jina Das,Srishti Medicare Private Limited,jaipur,Internal Medicine,49,1000.0,82.0,7,Practo,0,0,0,1
Dr. Vijayaraghavan,Srishti Medicare Private Limited,jaipur,Spine Surgeon,21,1000.0,92.0,12,Practo,0,0,0,0
Dr. Mohit Poddar,Cradle Children Hospital,jaipur,Pediatrician,20,600.0,98.0,41,Practo,0,0,0,0
Dr. Anand M,Srishti Medicare Private Limited,jaipur,Orthopedist,21,1000.0,92.0,12,Practo,0,0,0,0
Dr. Venkatesh B S,Srishti Medicare Private Limited,jaipur,General Surgeon,17,1000.0,100.0,6,Practo,0,0,0,0
Dr. Yogesh Gupta,Priyush Neuro And Superspeciality Hospital,jaipur,Neurosurgeon,22,550.0,100.0,1,Practo,0,0,0,0
Dr. Ashok Kumar Sharma,Priyush Neuro And Superspeciality Hospital,jaipur,Orthopedist,17,350.0,100.0,1,Practo,0,0,0,0
Dr. Chirag Bhandari,Institute of Andrology and Sexual Health,jaipur,Sexologist,17,1500.0,96.0,255,Practo,0,0,1,0
Dr. Rekha Jain,Mansarovar Hospital,jaipur,General Physician,38,1000.0,95.0,167,Practo,0,0,0,0
Dr. Suchrita Yadav,Amar Medical And Research Centre,jaipur,General Physician,14,1000.0,100.0,24,Practo,0,0,0,0
Dr. Aayushi Choudhary,Purple Heron Hospital,jaipur,General Physician,9,1200.0,60.0,5,Practo,0,1,0,0
Dr. Sneha Sharma (Physiotherapist),Fit N Fly Physiotherapy & Fitness Centre,jaipur,Physiotherapist,12,400.0,95.0,42,Practo,0,0,0,0
Dr. Rahul Gupta,Yashwant Dental Clinic & Implant Centre,jaipur,Dentist,13,300.0,91.0,23,Practo,0,0,0,0
Dr. Toshi Agarwal,Oxygen Woman & Child Clinic,jaipur,Gynecologist/Obstetrician,27,500.0,93.0,29,Practo,0,0,0,0
Dr. Mili Gupta,AMD Dental Clinics,jaipur,Dentist,11,400.0,99.0,75,Practo,0,0,0,0
Dr. Abhishek Bhargava,Dr Rajaram Neuro And Multispeciality Clinic,jaipur,Neurologist,8,600.0,93.0,14,Practo,0,0,0,0
Dr. Sunita,Cradle Children Hospital,jaipur,Pediatrician,12,500.0,96.0,46,Practo,0,0,0,0
Dr. Alfred Joel Wylie,Srishti Medicare Private Limited,jaipur,Dentist,12,500.0,100.0,3,Practo,0,0,0,0
Dr. Pranjal Moharjal,Srishti Medicare Private Limited,jaipur,Urologist,14,500.0,86.0,5,Practo,0,0,0,0
Dr. Pravesh Kumar Sharma,Srishti Medicare Private Limited,jaipur,Pediatrician,14,500.0,100.0,7,Practo,0,0,0,0
Dr. Digvijay Rathore (Physiotherapist),Fit N Fly Physiotherapy & Fitness Centre,jaipur,Physiotherapist,13,400.0,95.0,84,Practo,0,0,0,0
Ms. Sejal Agrawal,Srishti Medicare Private Limited,jaipur,Psychologist,7,2000.0,100.0,1,Practo,1,0,0,0
Dr. Ankit Sharma,Srishti Medicare Private Limited,jaipur,Plastic Surgeon,14,500.0,96.0,24,Practo,0,0,0,0
Dr. Aparna Sharma,Amar Medical And Research Centre,jaipur,Ophthalmologist,31,500.0,96.0,24,Practo,0,0,0,0
Dr. Giriraj Prasad Sharma,Srishti Medicare Private Limited,jaipur,Urologist,13,600.0,67.0,2,Practo,0,1,0,0
Dr. Dhara Sharma,Amar Medical And Research Centre,jaipur,Ear-Nose-Throat (ENT) Specialist,25,500.0,64.0,13,Practo,0,1,0,0
Dr. Sakshi Prabodh,Cradle Children Hospital,jaipur,Pediatrician,11,500.0,100.0,1,Practo,0,0,0,0
Dr. Deepika,Cradle Children Hospital,jaipur,Gynecologist/Obstetrician,13,500.0,100.0,10,Practo,0,0,0,0
Dr. Pramod Kumar Suman,Asg Eye Hospitals,jaipur,Ophthalmologist,12,600.0,96.0,24,Practo,0,0,0,0
Dr. Latika Banshiwala,Maternite Hospital,jaipur,Pediatrician,10,300.0,96.0,24,Practo,0,0,0,0
Dr. Dipanshu Jain,Amar Medical And Research Centre,jaipur,Pulmonologist,12,500.0,96.0,24,Practo,0,0,0,0
Dr. Rahul Nahar,Cradle Children Hospital,jaipur,Ear-Nose-Throat (ENT) Specialist,10,1000.0,87.0,30,Practo,0,0,0,0
Dr. Richa Ainani Ahluwalia,Cradle Children Hospital,jaipur,Infertility Specialist,9,500.0,92.0,12,Practo,0,0,0,0
Dr. Alok Vijay,Srishti Medicare Private Limited,jaipur,Pulmonologist,11,500.0,100.0,4,Practo,0,0,0,0
Dr. Arti Yadav,Cradle Children Hospital,jaipur,Pediatrician,10,1000.0,100.0,1,Practo,0,0,0,0
Dr. Babita,Srishti Medicare Private Limited,jaipur,Dermatologist,9,500.0,96.0,24,Practo,0,0,0,0
Dr. Mukesh Kumar,Srishti Medicare Private Limited,jaipur,Dentist,13,500.0,96.0,24,Practo,0,0,0,0
Dr. Narendra,Metro MAS Hospital,jaipur,General Surgeon,12,500.0,96.0,24,Practo,0,0,0,0
Dr. Manoj Kumar Saini,Soni Hospital,jaipur,General Surgeon,13,500.0,96.0,24,Practo,0,0,0,0
Dr. Kapil Dhawan,Amar Medical And Research Centre,jaipur,Pediatrician,13,500.0,50.0,1,Practo,0,1,0,0
Dr. Om Prakash Bhimwal,Srishti Medicare Private Limited,jaipur,Orthopedist,12,500.0,75.0,4,Practo,0,1,0,0
Dr. Meena Mahendrakumar,Srishti Medicare Private Limited,jaipur,General Surgeon,11,500.0,100.0,1,Practo,0,0,0,0
Dr. Yogesh Motwani,Amar Medical And Research Centre,jaipur,Psychiatrist,13,600.0,94.0,16,Practo,0,0,0,0
Dr. Vikas Rewar,Meditech Homeo Care,jaipur,Homoeopath,17,500.0,96.0,190,Practo,0,0,0,0
Ms. Surbhi Joshi,Surbhi nutrition and wellness,jaipur,Dietitian/Nutritionist,10,600.0,92.0,26,Practo,0,0,0,0
Dr. Patil Mukesh Prakash,Asg Eye Hospitals,jaipur,Ophthalmologist,14,600.0,100.0,1,Practo,0,0,0,0
Dr. Ravinder Kumar Saini,Amar Medical And Research Centre,jaipur,Orthopedist,18,500.0,100.0,2,Practo,0,0,0,0
Dr. Amith Natani (Physiotherapist),Srishti Medicare Private Limited,jaipur,Physiotherapist,20,500.0,33.0,24,Practo,0,1,0,0
Dr. Pooja Agarwal,Cradle Children Hospital,jaipur,Gynecologist/Obstetrician,8,500.0,96.0,24,Practo,0,0,0,0
Dr. Shreya Srivastava,Soni Hospital,jaipur,Ear-Nose-Throat (ENT) Specialist,9,600.0,80.0,4,Practo,0,0,0,0
Dr. Prashant Kothari,Srishti Medicare Private Limited,jaipur,Cardiothoracic Surgeon,17,700.0,98.0,565,Practo,0,0,1,0
Dr. Aashish Saini,Cradle Children Hospital,jaipur,Pediatrician,9,500.0,96.0,24,Practo,0,0,0,0
Dr. Vaibhav Mathur,SRG Hospital,jaipur,Neurologist,15,1000.0,50.0,4,Practo,0,1,0,0
Dr. Vikas Mittal,Unikare Hospital,jaipur,General Physician,26,600.0,98.0,682,Practo,0,0,1,0
Dr. Sanjeev Kumar Sharma,Dr Sanjeev's Pain Clinic,jaipur,General Physician,16,500.0,100.0,57,Practo,0,0,0,0
Dr. Sunny Singhal,Singhal Clinic,jaipur,Geriatrician,12,100.0,100.0,43,Practo,0,0,0,0
Dr. Vipin Kumar Jain,Manipal Hospitals,jaipur,General Physician,38,500.0,78.0,18,Practo,0,0,0,0
Dr. Ashish Sharma,Maharshi Urology and Super speciality hospital,jaipur,Urologist,18,500.0,91.0,157,Practo,0,0,0,0
Dr. Devendra Gupta,AARVI HOSPITAL,jaipur,General Physician,13,200.0,86.0,7,Practo,0,0,0,0
Dr. Rishav Bansal,Bansal Health Clinic,jaipur,Geriatrician,13,650.0,99.0,92,Practo,0,0,0,0
Dr. Peeyush Bhargava,Girdhar Hospital And Research Centre,jaipur,General Physician,27,500.0,80.0,9,Practo,0,0,0,0
Dr. Aruna Jain,Manipal Hospitals,jaipur,Pediatrician,20,500.0,50.0,2,Practo,0,1,0,0
Dr. Ravikant Porwal,Manipal Hospitals,jaipur,Internal Medicine,24,500.0,40.0,4,Practo,0,1,0,0
Dr. Neha Vashisth,Femcare Clinic,jaipur,General Physician,16,300.0,100.0,2,Practo,0,0,0,0
Dr. Dinesh Mehta,Health Line Clinic,jaipur,General Physician,4,250.0,100.0,5,Practo,0,0,0,0
Dr. Shishir Hada,New Jyoti Medical,jaipur,General Physician,17,300.0,100.0,11,Practo,0,0,0,0
Dr. Jitesh,Dr Jitesh Bhakar Clinic,jaipur,General Physician,6,150.0,100.0,4,Practo,0,0,0,0
Dr. Pradeep Bhati,DD CLINIC,jaipur,General Physician,12,5.0,50.0,1,Practo,0,1,0,0
Dr. Rohit Kumar Sharma,Sports Injury and Orthopedic Clinic,jaipur,General Physician,11,400.0,96.0,24,Practo,0,0,0,0
Dr. Pragya Choudhary,Healix Care Clinic,jaipur,General Physician,5,399.0,100.0,1,Practo,0,0,0,0
Dr. Anand Chhabra,Anand Clinic,jaipur,General Physician,9,800.0,96.0,24,Practo,0,0,0,0
Dr. Chandan Kedawat,Manipal Hospitals,jaipur,Internal Medicine,33,500.0,50.0,2,Practo,0,1,0,0
Dr. R. Grover,Dr. R Grover's Clinic & Research Centre,jaipur,Sexologist,25,300.0,89.0,72,Practo,0,0,0,0
Dr. Mishthu Solanki,Smile Makers Dental,jaipur,Dentist,23,400.0,99.0,494,Practo,0,0,1,0
Ms. Archana Jain,Angelcare - A Nutrition & Wellness Centre,jaipur,Dietitian/Nutritionist,37,500.0,95.0,102,Practo,0,0,0,0
Dr. Ankit Kayal,Kayal Urocenter,jaipur,Urologist,20,500.0,97.0,273,Practo,0,0,1,0
Dr. Yojna Shriwas,Dr. Yojna's Dental Clinic Digital Smile Design and Implant Centre,jaipur,Dentist,20,300.0,96.0,181,Practo,0,0,0,0
Dr. Shantanu Choudhary,Signature Skin Clinic,jaipur,Dermatologist,18,500.0,97.0,689,Practo,0,0,1,0
Dr. Col Dr Dinesh Bansal,Olivegreen Dental,jaipur,Dentist,19,800.0,99.0,206,Practo,0,0,1,0
Dr. Prachi Mital,Vivanta Clinics,jaipur,Dentist,17,300.0,96.0,26,Practo,0,0,0,0
Dr. Shashank Gupta,Gupta Dental Implant Centre,jaipur,Dentist,14,400.0,99.0,400,Practo,0,0,1,0
Dr. Akshay Garg,Anshu Dental Care,jaipur,Dentist,21,400.0,97.0,256,Practo,0,0,1,0
Dr. Pooja Goyal,Dental Avenue Clinic,jaipur,Dentist,21,300.0,99.0,286,Practo,0,0,1,0
Dr. Shrestha Singhania,Singhania's Dentovaidhyam,jaipur,Dentist,14,300.0,100.0,45,Practo,0,0,0,0
Dr. Garima Gupta,Gupta Dental Implant Centre,jaipur,Dentist,14,400.0,99.0,147,Practo,0,0,0,0
Dr. Punit Chitlangia,"Shekhawati Dental, Face & Hair Clinic",jaipur,Dentist,22,300.0,100.0,27,Practo,0,0,0,0
Dr. Rohit Surekha,Triveni Policlinic and Diagnostic Centre,jaipur,Gastroenterologist,21,500.0,82.0,67,Practo,0,0,0,0
Dr. Aarjav Jain,Aarjav Dental Clinic,jaipur,Dentist,15,300.0,99.0,161,Practo,0,0,0,0
Dr. Nikhil Bansal,EndoVascular Expert Vascular Stroke & Pain Clinic,jaipur,Radiologist,14,200.0,100.0,7,Practo,0,0,0,0
Dr. Kimi Mittal,Shree Dental and Medical Care,jaipur,Dentist,15,200.0,88.0,15,Practo,0,0,0,0
Dr. Raghav Shah,Mahavir Jaipuria Rajasthan Hospital,jaipur,Psychiatrist,19,500.0,96.0,118,Practo,0,0,0,0
Dr. Bharti Jain (Physiotherapist),Flexilife-The Fitness And Physiotherapy Centre,jaipur,Physiotherapist,14,400.0,100.0,15,Practo,0,0,0,0
Dr. Komal Rastogi,"Smile Kraft, Dental Face & Hair Clinic",jaipur,Dentist,19,300.0,96.0,25,Practo,0,0,0,0
Ms. Pooja Gupta,Disaan Multispeciality Healthcare Centre,jaipur,Psychologist,9,2500.0,100.0,105,Practo,1,0,0,0
Dr. Soniya Prajapat,The Dental Home,jaipur,Dentist,14,200.0,100.0,66,Practo,0,0,0,0
Dr. Anjali Uttwani,Realign Dental Clinic,jaipur,Dentist,10,300.0,98.0,86,Practo,0,0,0,0
Dr. Bhawna Jethani,Singhania's Dentovaidhyam,jaipur,Dentist,14,300.0,100.0,27,Practo,0,0,0,0
Dr. Vandana Khandelwal,Blooming Smiles Dental Clinic,jaipur,Dentist,14,300.0,96.0,24,Practo,0,0,0,0
Dr. Harsh Prasad Udawat,Udawat Gastro Clinic,jaipur,Gastroenterologist,29,500.0,82.0,174,Practo,0,0,0,0
Dr. Manpreet Taneja,Relief Clinics,jaipur,Homoeopath,22,300.0,100.0,6,Practo,0,0,0,0
Dr. Sonu M. Karol,Karol Childrens Hospital,jaipur,Pediatrician,13,500.0,82.0,11,Practo,0,0,0,0
Dr. Sunita Kothari,Shree Sumangal Polyclinic,jaipur,Gynecologist/Obstetrician,43,1000.0,90.0,146,Practo,0,0,0,0
Dr. Sumit Taneja,Relief Clinics,jaipur,Homoeopath,22,1100.0,95.0,22,Practo,0,0,0,0
Dr. Deepa Sadhnani,TOOTHique,jaipur,Dentist,20,300.0,100.0,7,Practo,0,0,0,0
Dr. Pratibha Agrawal,AARVI HOSPITAL,jaipur,Gynecologist/Obstetrician,14,200.0,83.0,12,Practo,0,0,0,0
Dr. Abhishek Hajela,Manipal Hospitals,jaipur,Endocrinologist,10,500.0,100.0,4,Practo,0,0,0,0
Dr. Ravindra Singh Shekhawat,Blooming Smiles Dental Clinic,jaipur,Dentist,15,300.0,100.0,5,Practo,0,0,0,0
Dr. Rachit Jain,Shree Siddharth ENT And Allergy Clinic,jaipur,Ear-Nose-Throat (ENT) Specialist,11,500.0,96.0,130,Practo,0,0,0,0
Dr. Amit,Vivanta Clinics,jaipur,Dentist,16,300.0,100.0,16,Practo,0,0,0,0
Dr. Gunja Sadhnani,Sadhnani's Dental Care,jaipur,Dentist,17,200.0,95.0,106,Practo,0,0,0,0
Dr. Ravindra Dhariwal,Dhariwal Dento Cosmetics,jaipur,Dentist,18,350.0,96.0,258,Practo,0,0,1,0
Dr. Anushri Ranjan,Pristine Dental and Facial Aesthetic Clinic,jaipur,Dentist,16,200.0,100.0,16,Practo,0,0,0,0
Dr. Prashant Bhardwaj,Bhardwaj Dental Clinic,jaipur,Dentist,17,500.0,97.0,37,Practo,0,0,0,0
Dr. Vinay Kumar Garg,Garg Ophthalmic Centre,lucknow,Ophthalmologist,45,1500.0,95.0,19,Practo,0,0,0,1
Dr. Mamta Agarwal,Garg Ophthalmic Centre,lucknow,Ophthalmologist,29,1500.0,100.0,24,Practo,0,0,0,0
Dr. Hina Ali,Cloudnine Fertility - IVF Centre,lucknow,Infertility Specialist,15,1000.0,100.0,1,Practo,0,0,0,0
Dr. Faisal Zia,Afifa Medical Clinic,lucknow,General Physician,18,400.0,100.0,5,Practo,0,0,0,0
Dr. Saurabh Agarwal,Dr.Saurabh Agarwal Clinic,lucknow,General Physician,18,700.0,96.0,95,Practo,0,0,0,0
Dr. Tarun Agarwal,Gopi Krishna Laser Stone Centre,lucknow,General Surgeon,27,600.0,98.0,307,Practo,0,0,1,0
Dr. Vikas Kumar,Pushpa Dental Speciality Center,lucknow,Dentist,19,500.0,100.0,1110,Practo,0,0,1,0
Dr. SP Lodhi,Nirvaan Ayurvedic Clinic,lucknow,Sexologist,23,500.0,100.0,41,Practo,0,0,0,0
Dr. Swati Halwasiya,Smile Works Dental Clinic,lucknow,Dentist,12,500.0,100.0,7,Practo,0,0,0,0
Dr. Jay Verma,Dr. Verma's Multispeciality Homeopathy Clinic,lucknow,Homoeopath,16,700.0,97.0,433,Practo,0,0,1,0
Dr. Shreya Gupta,Birla Fertility and IVF,lucknow,Infertility Specialist,13,800.0,96.0,24,Practo,0,0,0,0
Dr. Preeti Singh,Pushpa Dental Speciality Center,lucknow,Dentist,16,500.0,99.0,144,Practo,0,0,0,0
Dr. Ananya Rawat,Dr. Ananya's Dental Care,lucknow,Dentist,9,300.0,96.0,24,Practo,0,0,0,0
Dr. Rohit Purwar,Sri Ram Maternity Center and Hospital,lucknow,Urologist,15,500.0,81.0,20,Practo,0,0,0,0
Dr. Madhulika Saxena,SIPS Super Specialty hospital,lucknow,Dentist,9,600.0,96.0,24,Practo,0,0,0,0
Dr. Ashfak Ahmad (Physiotherapist),Nirvaan Ayurvedic Clinic,lucknow,Physiotherapist,2,500.0,100.0,2,Practo,0,0,0,0
Dr. Ashish Mishra,Dr Ashish Mishra Clinic,lucknow,GastroIntestinal Surgeon,23,1200.0,91.0,11,Practo,0,0,0,0
Dr. Ravita Srivastava,Ravita Medicare,lucknow,Gynecologist/Obstetrician,31,700.0,80.0,5,Practo,0,0,0,0
Dr. Kumar Saurabh Srivastava,Garg Ophthalmic Centre,lucknow,Ophthalmologist,13,1500.0,100.0,1,Practo,0,0,0,0
Dr. Akanksha Gupta Bajpai,Livgastro Diabetes Care,lucknow,General Physician,11,600.0,100.0,17,Practo,0,0,0,0
Dr. Rama Srivastava,Jwala Hospital,lucknow,Laparoscopic Surgeon,43,800.0,87.0,111,Practo,0,0,0,0
Dr. Sandeep Gupta,Neera Hospital,lucknow,General Physician,28,600.0,67.0,8,Practo,0,1,0,0
Dr. Hriday Nath Tripathi,Max Super Speciality Hospital,lucknow,General Physician,49,700.0,100.0,2,Practo,0,0,0,1
Dr. Deepali Mohanty,Max Super Speciality Hospital,lucknow,Internal Medicine,29,700.0,100.0,5,Practo,0,0,0,0
Dr. Swadesh Kumar Singh,Max Super Speciality Hospital,lucknow,Internal Medicine,27,700.0,96.0,24,Practo,0,0,0,0
Dr. Gaurav Prakash Singh,D P Bora Superspeciality Hospital,lucknow,General Physician,18,500.0,96.0,24,Practo,0,0,0,0
Dr. S P Singh,Dr. Subodh's Dental Clinic,lucknow,Radiologist,55,1000.0,96.0,24,Practo,0,0,0,1
Dr. Sunil Verma,Max Super Speciality Hospital,lucknow,Internal Medicine,25,700.0,96.0,24,Practo,0,0,0,0
Dr. S N Gupta,Sanjivini Super Speciality Hospital,lucknow,Pulmonologist,39,1000.0,44.0,9,Practo,0,1,0,0
Dr. Samir Mishra,Max Super Speciality Hospital,lucknow,General Physician,20,700.0,96.0,24,Practo,0,0,0,0
Dr. Niraj Agarwal,Max Super Speciality Hospital,lucknow,General Physician,14,800.0,96.0,24,Practo,0,0,0,0
Dr. Jitendra Singh,Sanjivini Super Speciality Hospital,lucknow,Pediatrician,12,600.0,100.0,1,Practo,0,0,0,0
Dr. Piyush Abhishek,Pratima Smriti Clinic,lucknow,General Physician,2,300.0,96.0,24,Practo,0,0,0,0
Dr. Sushil Kumar Gupta,Max Super Speciality Hospital,lucknow,General Physician,42,1000.0,67.0,3,Practo,0,1,0,0
Dr. Lalit Pandey,Heal And Cure Medical Centre,lucknow,Pulmonologist,16,600.0,100.0,19,Practo,0,0,0,0
Dr. Aditi Singh,Doctors Clinic,lucknow,General Physician,2,1000.0,100.0,19,Practo,0,0,0,0
Dr. Priyanka Pandey,Heal And Cure Medical Centre,lucknow,General Physician,19,600.0,100.0,1,Practo,0,0,0,0
Dr. R. K. Porwal,Porwal Clinic,lucknow,General Physician,43,600.0,92.0,90,Practo,0,0,0,0
Dr. Deeksha Pandey,Healing Roots Homeopathy Clinic,lucknow,Homoeopath,3,200.0,100.0,66,Practo,0,0,0,0
Dr. Sumita Rastogi,Dr. Sumita Rastogi Clinic,lucknow,General Physician,35,500.0,100.0,1,Practo,0,0,0,0
Dr. Timothy Maximus,Family Clinic,lucknow,General Physician,34,250.0,96.0,24,Practo,0,0,0,0
Dr. Ibrahim,Ashirwad Life Care Hospital,lucknow,General Physician,4,500.0,96.0,24,Practo,0,0,0,0
Dr. Harshita Singh,Dr Harshita Singh General Clinic,lucknow,General Physician,8,200.0,96.0,24,Practo,0,0,0,0
Dr. Pranshu Agarwal,Happy Minds Psychiatric Clinic,lucknow,General Physician,3,800.0,96.0,24,Practo,0,0,0,0
Dr. Sana Sajid,D P Bora Superspeciality Hospital,lucknow,General Physician,11,500.0,96.0,24,Practo,0,0,0,0
Dr. Ravi Singh,Ravi Clinic- A Centre of Classical Homeopathy,lucknow,Homoeopath,26,300.0,90.0,556,Practo,0,0,1,0
Dr. Neeraj Tandon,Nimisha Cancer Care,lucknow,Oncologist,35,1000.0,94.0,31,Practo,0,0,0,0
Dr. Himanshu Gupta,Hemang Dental Orthodontic & Implant Clinic,lucknow,Dentist,21,300.0,95.0,56,Practo,0,0,0,0
Dr. Devendra Singh,Expert Cancer Homeo Clinic,lucknow,Homoeopath,53,500.0,98.0,558,Practo,0,0,1,1
Dr. Geeta Verma Gupta,Hemang Dental Orthodontic & Implant Clinic,lucknow,Dentist,20,300.0,95.0,39,Practo,0,0,0,0
Dr. Sunita Chandra,Rajendra Nagar Hospital,lucknow,Infertility Specialist,38,1200.0,92.0,248,Practo,0,0,1,0
Dr. H.K. Agarwal,Nirvan Hospital,lucknow,Psychiatrist,41,1200.0,90.0,649,Practo,0,0,1,0
Dr. Bhumika Bansal,Max Super Speciality Hospital,lucknow,Gynecologist/Obstetrician,17,700.0,86.0,81,Practo,0,0,0,0
Dr. Shivendra Srivastava,Shivendra's Ortho Clinic,lucknow,Orthopedist,26,600.0,89.0,264,Practo,0,0,1,0
Dr. Dipendra Singh,Expert Cancer Homeo Clinic,lucknow,Homoeopath,18,500.0,99.0,266,Practo,0,0,1,0
Dr. Puneet Yadav (Physiotherapist),Holistic Touch Physical Therapy And Wellness Clinic,lucknow,Physiotherapist,20,500.0,99.0,147,Practo,0,0,0,0
Dr. CP Gupta,Adya Multi-Speciality Hospital,lucknow,Orthopedist,16,500.0,86.0,49,Practo,0,0,0,0
Dr. Rohit Madan,The Dental Hub,lucknow,Dentist,24,500.0,99.0,407,Practo,0,0,1,0
Dr. A. K. Jain,Dr. A. K. Jain's Clinic,lucknow,Ayurveda,44,610.0,65.0,43,Practo,0,1,0,0
Dr. Shivam Bajpai,Livgastro Diabetes Care,lucknow,Gastroenterologist,13,800.0,93.0,27,Practo,0,0,0,0
Dr. B D Verma,Arogya Ayurvedic Chikitsalaya,lucknow,Sexologist,24,500.0,96.0,26,Practo,0,0,0,0
Dr. Karan Bhatia,Cochlea Advanced Surgical Centre,lucknow,Ear-Nose-Throat (ENT) Specialist,10,500.0,97.0,295,Practo,0,0,1,0
Dr. Ankit Bahal,SmyleXL Dental Clinic,lucknow,Dentist,23,500.0,99.0,138,Practo,0,0,0,0
Dr. Abhishek S Verma,Calgary Dental Clinic,lucknow,Dentist,21,300.0,100.0,25,Practo,0,0,0,0
Dr. Adittya K Sharma,Medapex Healthcare,lucknow,Urologist,21,950.0,92.0,190,Practo,0,0,0,0
Dr. Parul Prasad,Akarsh Hospital,lucknow,Psychiatrist,14,800.0,89.0,72,Practo,0,0,0,0
Dr. Sipra Bagchi,Dr. Bagchi's IVF Gynaecology and Infertility Centre,lucknow,Gynecologist/Obstetrician,22,600.0,94.0,141,Practo,0,0,0,0
Dr. Indrajeet Singh,Dentomax-Dento-Oral & Maxillofacial Clinic,lucknow,Dentist,20,500.0,99.0,84,Practo,0,0,0,0
Dr. Deeptanshu Hanu Agarwal,Nirvan Hospital,lucknow,Sexologist,13,800.0,96.0,158,Practo,0,0,0,0
Dr. Akhil Agarwal,Orthodontic Masters - Dental Braces Aligners,lucknow,Dentist,24,500.0,98.0,955,Practo,0,0,1,0
Dr. Nandini Singh,The Bright Arch Multi Speciality Dental Studio,lucknow,Dentist,17,500.0,98.0,125,Practo,0,0,0,0
Dr. Damini Ramchandani,Infinity Dental,lucknow,Dentist,16,500.0,98.0,85,Practo,0,0,0,0
Dr. Lt. Col. R P Singh,Aarogyam Superspeciality Heart and Dental Clinic,lucknow,Cardiologist,22,800.0,94.0,31,Practo,0,0,0,0
Dr. Shobhit Agarwal,Echo Dental Clinic and Implant Center,lucknow,Dentist,11,300.0,95.0,21,Practo,0,0,0,0
Dr. Nitin Agarwal,Dr Agarwal's Dental Speciality Centre,lucknow,Dentist,29,500.0,97.0,119,Practo,0,0,0,0
Dr. VP Singh,Vaishali Dental,lucknow,Dentist,21,500.0,99.0,135,Practo,0,0,0,0
Dr. Suyash Singh Tomar,Dermax Skin Clinic,lucknow,Dermatologist,10,500.0,97.0,67,Practo,0,0,0,0
Dr. Sonahita Agarwal,Arya Dental And Orthodontic Clinic,lucknow,Dentist,19,500.0,96.0,99,Practo,0,0,0,0
Dr. Kirti Agarwal,Dr Agarwal's Dental Speciality Centre,lucknow,Dentist,23,500.0,98.0,111,Practo,0,0,0,0
Dr. Mohammad Imran Khan,Advanced Dental Care,lucknow,Dentist,18,300.0,100.0,408,Practo,0,0,1,0
Dr. Samarjit Singh,Dental Bliss,lucknow,Dentist,17,300.0,96.0,235,Practo,0,0,1,0
Dr. Laxmi Shankar Singh,Prime Neurology Clinic,lucknow,Neurologist,15,1000.0,91.0,21,Practo,0,0,0,0
Dr. Nishita Sinha,Dental Bliss,lucknow,Dentist,12,250.0,96.0,51,Practo,0,0,0,0
Dr. Tarun Anand,Anand Care Centre,lucknow,Pediatrician,11,600.0,91.0,44,Practo,0,0,0,0
Dr. Asit Shukla,Realtooth Dental Clinic,lucknow,Dentist,20,500.0,99.0,503,Practo,0,0,1,0
Dr. Faiz Warsi,Genus Dental Implant And Orthodontic Center,lucknow,Dentist,14,300.0,100.0,276,Practo,0,0,1,0
Dr. Sankalp Jain,Dr. A. K. Jain's Clinic,lucknow,Sexologist,10,1100.0,82.0,45,Practo,0,0,0,0
Dr. Nitin Mittal,Max Super Speciality Hospital,lucknow,Ophthalmologist,25,700.0,80.0,5,Practo,0,0,0,0
Dr. Sunil Yadav,Premier Dental & Implant Centre,lucknow,Dentist,13,500.0,100.0,118,Practo,0,0,0,0
Dr. Afzaal Ansari,S S Orthopedic Centre,lucknow,Orthopedist,20,650.0,90.0,40,Practo,0,0,0,0
